,id,text,class,chatGPT_few_default_1,chatGPT_few_default_2,chatGPT_zero_default_1,chatGPT_zero_default_2,chatGPT_zero_specific_1,chatGPT_zero_specific_2,chatGPT_few_specific_1,chatGPT_few_specific_2,chatGPT_counterfactual_default_1,chatGPT_counterfactual_default_2,chatGPT_counterfactual_specific_1,chatGPT_counterfactual_specific_2,id_y,class_y,flan_xl_few_default_1,flan_xl_few_default_2,flan_xl_few_default_3,flan_xl_zero_default_1,flan_xl_zero_default_2,flan_xl_zero_default_3,flan_xl_zero_specific_1,flan_xl_zero_specific_2,flan_xl_zero_specific_3,flan_xl_few_specific_1,flan_xl_few_specific_2,flan_xl_few_specific_3,flan_xl_counterfactual_default_1,flan_xl_counterfactual_default_2,flan_xl_counterfactual_default_3,flan_xl_counterfactual_specific_1,flan_xl_counterfactual_specific_2,flan_xl_counterfactual_specific_3
0,"2969    2969
6429    6429
2599    2599
4304    4304
6446    6446
        ... 
3082    3082
4032    4032
6749    6749
2552    2552
5682    5682
Name: id, Length: 250, dtype: int64",Oh look....    #WheresBoris   #BorisJohnsonShouldNotBePM https://t.co/d032PBnY3i,1,3,3,1,0,0,0,3,0,3,3,3,3,"2969    2969
6429    6429
2599    2599
4304    4304
6446    6446
        ... 
951      951
6830    6830
236      236
1956    1956
515      515
Name: id, Length: 500, dtype: int64",hate,0,0,0,0,0,0,0,0,0,0,0,0,0,0,0,0,0,0
1,"2969    2969
6429    6429
2599    2599
4304    4304
6446    6446
        ... 
3082    3082
4032    4032
6749    6749
2552    2552
5682    5682
Name: id, Length: 250, dtype: int64","America is the only country in history to fight a war to end slavery. Democrats won‚Äôt fight the predominantly black, Muslim run countries that continue slavery today. Nor do they care about kids made sex slaves by the drug cartels.  Democrats are dog .",1,3,3,1,1,1,1,1,1,1,1,1,1,"2969    2969
6429    6429
2599    2599
4304    4304
6446    6446
        ... 
951      951
6830    6830
236      236
1956    1956
515      515
Name: id, Length: 500, dtype: int64",hate,1,1,1,1,1,1,1,1,1,1,1,1,1,1,1,1,1,1
2,"2969    2969
6429    6429
2599    2599
4304    4304
6446    6446
        ... 
3082    3082
4032    4032
6749    6749
2552    2552
5682    5682
Name: id, Length: 250, dtype: int64",@AaronBlake There's no lost in translation when this #douchebag speaks!!! #sad #dipshit,0,1,0,1,1,1,1,1,1,1,1,1,1,"2969    2969
6429    6429
2599    2599
4304    4304
6446    6446
        ... 
951      951
6830    6830
236      236
1956    1956
515      515
Name: id, Length: 500, dtype: int64",not hate,1,1,1,1,1,1,1,1,1,1,1,1,1,1,1,1,1,1
3,"2969    2969
6429    6429
2599    2599
4304    4304
6446    6446
        ... 
3082    3082
4032    4032
6749    6749
2552    2552
5682    5682
Name: id, Length: 250, dtype: int64",These are the same government doctors who have resigned from their post!    P. S : this is not some private chamber or nursing home.. These are government hospitals  #resignedbutstillservinghumanity   #DoctorsFightBack #Savethedoctors @republic @timesofindia @sambitswaraj https://t.co/1pqcT3FYAI,1,0,0,0,0,0,0,0,0,1,0,0,0,"2969    2969
6429    6429
2599    2599
4304    4304
6446    6446
        ... 
951      951
6830    6830
236      236
1956    1956
515      515
Name: id, Length: 500, dtype: int64",hate,0,0,0,0,0,0,0,0,0,0,0,0,0,0,0,0,0,0
4,"2969    2969
6429    6429
2599    2599
4304    4304
6446    6446
        ... 
3082    3082
4032    4032
6749    6749
2552    2552
5682    5682
Name: id, Length: 250, dtype: int64","Ah, you‚Äôre racist and anti-Semitic. That explains it.",0,3,3,1,1,1,1,1,1,1,1,1,1,"2969    2969
6429    6429
2599    2599
4304    4304
6446    6446
        ... 
951      951
6830    6830
236      236
1956    1956
515      515
Name: id, Length: 500, dtype: int64",not hate,1,1,1,1,1,1,1,1,1,1,1,1,1,1,1,1,1,1
5,"2969    2969
6429    6429
2599    2599
4304    4304
6446    6446
        ... 
3082    3082
4032    4032
6749    6749
2552    2552
5682    5682
Name: id, Length: 250, dtype: int64",When you tell your mom you got into a political altercation with her lifelong friend and had to unfriend them.  My mom is #ShadyAF  #DontMessWithHerGirls  #MyMomRocks  #MyMom  #FuckTrump https://t.co/G5hpTMI37n,0,3,3,0,0,0,0,3,0,1,1,0,1,"2969    2969
6429    6429
2599    2599
4304    4304
6446    6446
        ... 
951      951
6830    6830
236      236
1956    1956
515      515
Name: id, Length: 500, dtype: int64",not hate,0,0,0,0,0,0,0,0,0,0,0,0,0,0,0,0,0,0
6,"2969    2969
6429    6429
2599    2599
4304    4304
6446    6446
        ... 
3082    3082
4032    4032
6749    6749
2552    2552
5682    5682
Name: id, Length: 250, dtype: int64",@realDonaldTrump That's right.  You're #1!!     #1 #Instigator   #1 #Asswipe  #1 #Bully  #1 #Cheater  #1 #Thief  #1 #Clown  #1 #Douchebag  #1 #Liar  .........and #1 most #BankruptedUSCompany,1,1,1,1,1,1,1,1,1,1,1,1,1,"2969    2969
6429    6429
2599    2599
4304    4304
6446    6446
        ... 
951      951
6830    6830
236      236
1956    1956
515      515
Name: id, Length: 500, dtype: int64",hate,0,0,0,1,1,1,1,1,1,1,1,1,1,1,1,1,1,1
7,"2969    2969
6429    6429
2599    2599
4304    4304
6446    6446
        ... 
3082    3082
4032    4032
6749    6749
2552    2552
5682    5682
Name: id, Length: 250, dtype: int64",Even John Barron &amp; John Miller call BS. #douchebag #POTUS https://t.co/lPm7UGG52W,0,0,3,0,1,0,0,1,0,1,1,1,1,"2969    2969
6429    6429
2599    2599
4304    4304
6446    6446
        ... 
951      951
6830    6830
236      236
1956    1956
515      515
Name: id, Length: 500, dtype: int64",not hate,0,0,0,0,0,0,0,0,0,0,0,0,0,0,0,0,0,0
8,"2969    2969
6429    6429
2599    2599
4304    4304
6446    6446
        ... 
3082    3082
4032    4032
6749    6749
2552    2552
5682    5682
Name: id, Length: 250, dtype: int64","#NewIndia ‡§Æ‡•á‡§Ç ‡§ï‡§Æ‡§ú‡•ã‡§∞ @BCCI ‡§Æ‡§Ç‡§ú‡•Å‡§∞ ‡§®‡§π‡•Ä‡§Ç. @narendramodi  sir, please do something ??? It‚Äôs matter of Indian pride #BalidaanBadge #DhoniKeepsTheGlove @PMOIndia @GautamGambhir @AmitShah @KirenRijiju",0,0,3,3,0,3,0,0,0,3,3,0,1,"2969    2969
6429    6429
2599    2599
4304    4304
6446    6446
        ... 
951      951
6830    6830
236      236
1956    1956
515      515
Name: id, Length: 500, dtype: int64",not hate,0,0,0,0,0,0,0,0,0,0,0,0,0,0,0,0,0,0
9,"2969    2969
6429    6429
2599    2599
4304    4304
6446    6446
        ... 
3082    3082
4032    4032
6749    6749
2552    2552
5682    5682
Name: id, Length: 250, dtype: int64",#HappyBirthdayMrPresident I mean FAUX KING @POTUS   @realDonaldTrump #ImbecileIsHome #Dotard #fucktrump https://t.co/qQmUPjUymt,0,1,3,1,1,1,1,1,1,1,1,1,1,"2969    2969
6429    6429
2599    2599
4304    4304
6446    6446
        ... 
951      951
6830    6830
236      236
1956    1956
515      515
Name: id, Length: 500, dtype: int64",not hate,0,0,0,0,0,0,0,0,0,0,0,0,0,0,0,0,0,0
10,"2969    2969
6429    6429
2599    2599
4304    4304
6446    6446
        ... 
3082    3082
4032    4032
6749    6749
2552    2552
5682    5682
Name: id, Length: 250, dtype: int64",This gay couple‚Äôs neighbor has torched their car &amp; tried to shoot them. Police won‚Äôt help them. #Resist #ResistTrump #FuckTrump https://t.co/LQQaKDVrYe,1,1,1,1,1,1,1,1,1,1,1,1,1,"2969    2969
6429    6429
2599    2599
4304    4304
6446    6446
        ... 
951      951
6830    6830
236      236
1956    1956
515      515
Name: id, Length: 500, dtype: int64",hate,0,0,0,0,0,0,0,0,0,0,0,0,0,0,0,0,0,0
11,"2969    2969
6429    6429
2599    2599
4304    4304
6446    6446
        ... 
3082    3082
4032    4032
6749    6749
2552    2552
5682    5682
Name: id, Length: 250, dtype: int64",National Cathedral Leaders Humiliate Trump By Condemning His Racism #Resist #ResistTrump #FuckTrump ,0,1,1,1,1,1,1,1,1,1,1,1,1,"2969    2969
6429    6429
2599    2599
4304    4304
6446    6446
        ... 
951      951
6830    6830
236      236
1956    1956
515      515
Name: id, Length: 500, dtype: int64",not hate,0,0,0,0,0,0,0,0,0,0,0,0,0,0,0,0,0,0
12,"2969    2969
6429    6429
2599    2599
4304    4304
6446    6446
        ... 
3082    3082
4032    4032
6749    6749
2552    2552
5682    5682
Name: id, Length: 250, dtype: int64","If4England #Ashes is more Important than #WorldCup2019,Then No More  @ICC Games will be played in England? Is England still looksUganda as d facilities seems! #ShameOnICC Cheating dFans!Surprisingly, No Eng,Aus WashOut sofar? Unfair Advantage, still Gentlemans Game",0,3,0,0,1,0,0,3,0,1,1,1,1,"2969    2969
6429    6429
2599    2599
4304    4304
6446    6446
        ... 
951      951
6830    6830
236      236
1956    1956
515      515
Name: id, Length: 500, dtype: int64",not hate,0,0,0,0,0,0,0,0,0,0,0,0,0,0,0,0,0,0
13,"2969    2969
6429    6429
2599    2599
4304    4304
6446    6446
        ... 
3082    3082
4032    4032
6749    6749
2552    2552
5682    5682
Name: id, Length: 250, dtype: int64","The replies to this tweet illustrate the difference between Facebook and twitter in Tennessee. üòÉüòÉüòÉ also, #FuckTrump. https://t.co/s1TtVX2nyR",0,0,3,3,0,0,0,0,3,1,1,1,1,"2969    2969
6429    6429
2599    2599
4304    4304
6446    6446
        ... 
951      951
6830    6830
236      236
1956    1956
515      515
Name: id, Length: 500, dtype: int64",not hate,0,0,0,0,0,0,0,0,0,0,0,0,0,0,0,0,0,0
14,"2969    2969
6429    6429
2599    2599
4304    4304
6446    6446
        ... 
3082    3082
4032    4032
6749    6749
2552    2552
5682    5682
Name: id, Length: 250, dtype: int64","@The_Trump_Train @realDonaldTrump Try again, #bot  #MAGA2020 #FUCKINGTRAITORS #TrumpSupportersAreFuckingMorons #TrumpIsATraitor #TrumpSupportersAreTraitors #TrumpsAnInternationalDisgrace #TrumpRussia #FuckTrump #LockThemAllUp #MAGAS are an embarrassment to this country. https://t.co/VJNw7FueQd",0,1,1,1,1,1,1,1,1,1,1,1,1,"2969    2969
6429    6429
2599    2599
4304    4304
6446    6446
        ... 
951      951
6830    6830
236      236
1956    1956
515      515
Name: id, Length: 500, dtype: int64",not hate,1,1,1,1,1,1,1,1,1,1,1,1,1,1,1,1,1,1
15,"2969    2969
6429    6429
2599    2599
4304    4304
6446    6446
        ... 
3082    3082
4032    4032
6749    6749
2552    2552
5682    5682
Name: id, Length: 250, dtype: int64",Official press release of #SaveTheSaviours movement. These are the demands for resuming all duties.     #DoctorsFightBack #Savethedoctors #SaveTheSaviours https://t.co/2XC4BjnnRI,0,0,0,0,0,0,0,0,0,3,0,0,0,"2969    2969
6429    6429
2599    2599
4304    4304
6446    6446
        ... 
951      951
6830    6830
236      236
1956    1956
515      515
Name: id, Length: 500, dtype: int64",not hate,0,0,0,0,0,0,0,0,0,0,0,0,0,0,0,0,0,0
16,"2969    2969
6429    6429
2599    2599
4304    4304
6446    6446
        ... 
3082    3082
4032    4032
6749    6749
2552    2552
5682    5682
Name: id, Length: 250, dtype: int64",Doctors wearing black badge protest at MGM Medical College and Hospital in Jamshedpur for #WestBengal issue  #DoctorsFightBack,0,0,0,0,0,0,0,0,0,0,1,0,0,"2969    2969
6429    6429
2599    2599
4304    4304
6446    6446
        ... 
951      951
6830    6830
236      236
1956    1956
515      515
Name: id, Length: 500, dtype: int64",not hate,0,0,0,0,0,0,0,0,0,0,0,0,0,0,0,0,0,0
17,"2969    2969
6429    6429
2599    2599
4304    4304
6446    6446
        ... 
3082    3082
4032    4032
6749    6749
2552    2552
5682    5682
Name: id, Length: 250, dtype: int64","@MattHancock - ‚ÄúMY job first, MY party second, MY country third‚Äù  - #thatsall #nothingtoseehere #nointegrity #BREXIT #matthancock #leadershipdebate #leadershiphustings #BorisJohnsonShouldNotBePM #boristrump",0,0,3,0,0,0,0,0,0,1,1,0,1,"2969    2969
6429    6429
2599    2599
4304    4304
6446    6446
        ... 
951      951
6830    6830
236      236
1956    1956
515      515
Name: id, Length: 500, dtype: int64",not hate,0,0,0,0,0,0,0,0,0,0,0,0,0,0,0,0,0,0
18,"2969    2969
6429    6429
2599    2599
4304    4304
6446    6446
        ... 
3082    3082
4032    4032
6749    6749
2552    2552
5682    5682
Name: id, Length: 250, dtype: int64","Trump told the American people he had nothing to do w Russia, all while negotiating a major real estate deal in Moscow that would've req'd the support of Putin &amp; lifting of U.S. sanctions against Russia. Now, the investigation is over &amp; Trump blatantly admitted to it.  #FuckTrump",0,0,0,3,0,0,0,0,1,1,1,1,0,"2969    2969
6429    6429
2599    2599
4304    4304
6446    6446
        ... 
951      951
6830    6830
236      236
1956    1956
515      515
Name: id, Length: 500, dtype: int64",not hate,0,0,0,0,0,0,0,0,0,0,0,0,1,1,1,1,1,1
19,"2969    2969
6429    6429
2599    2599
4304    4304
6446    6446
        ... 
3082    3082
4032    4032
6749    6749
2552    2552
5682    5682
Name: id, Length: 250, dtype: int64",Wow u jumped in as joker...do u think u can dictate things. If u want to be real secular then stop writing Halala on food and then say 'food has no religion'..  Don't push ur world view on all of us,0,1,1,1,1,1,1,1,1,1,1,1,1,"2969    2969
6429    6429
2599    2599
4304    4304
6446    6446
        ... 
951      951
6830    6830
236      236
1956    1956
515      515
Name: id, Length: 500, dtype: int64",not hate,0,0,0,0,0,0,0,0,0,0,0,0,0,0,0,0,0,0
20,"2969    2969
6429    6429
2599    2599
4304    4304
6446    6446
        ... 
3082    3082
4032    4032
6749    6749
2552    2552
5682    5682
Name: id, Length: 250, dtype: int64",I would like to un-welcome @_REALOJ32 to twitter and since I‚Äôve already #InstaBlocked him.  Please reply to all his tweets with #Murderer,0,1,3,1,1,1,1,1,1,1,1,1,1,"2969    2969
6429    6429
2599    2599
4304    4304
6446    6446
        ... 
951      951
6830    6830
236      236
1956    1956
515      515
Name: id, Length: 500, dtype: int64",not hate,0,0,0,0,0,0,0,0,0,0,0,0,0,0,0,0,0,0
21,"1534    1534
1778    1778
958      958
3059    3059
6366    6366
        ... 
3082    3082
4032    4032
6749    6749
2552    2552
5682    5682
Name: id, Length: 229, dtype: int64",#BorisJohnson isn't daft- he wasn't on #C4Debate and he didn't attend the Q&amp;A because no-one involved in either of those has any say in the vote... He thinks he's already won #BorisJohnsonShouldNotBePM https://t.co/HOGq9wz56I,1,0,0,0,0,0,0,0,0,0,0,0,0,"2969    2969
6429    6429
2599    2599
4304    4304
6446    6446
        ... 
951      951
6830    6830
236      236
1956    1956
515      515
Name: id, Length: 500, dtype: int64",hate,0,0,0,0,0,0,0,0,0,0,0,0,0,0,0,0,0,0
22,"1534    1534
1778    1778
958      958
3059    3059
6366    6366
        ... 
3082    3082
4032    4032
6749    6749
2552    2552
5682    5682
Name: id, Length: 229, dtype: int64",Hi Dear @ICC Mumbai too is ready for your kind of #WorldCup2019   Just FYI     #CWC19 #CricketKaCrown #WashoutWorldCup #ShameOnICC https://t.co/vRSWvj1ENL,0,0,0,0,0,0,0,0,0,0,0,0,0,"2969    2969
6429    6429
2599    2599
4304    4304
6446    6446
        ... 
951      951
6830    6830
236      236
1956    1956
515      515
Name: id, Length: 500, dtype: int64",not hate,0,0,0,0,0,0,0,0,0,0,0,0,0,0,0,0,0,0
23,"1534    1534
1778    1778
958      958
3059    3059
6366    6366
        ... 
3082    3082
4032    4032
6749    6749
2552    2552
5682    5682
Name: id, Length: 229, dtype: int64",Doctors at #Cuttack district headquarters hospital wear black badges to express solidarity with their counterparts protesting violence against some junior doctors in West Bengal #DoctorsFightBack #DoctorsStrike https://t.co/EX35msTNVJ,0,0,3,0,0,0,0,0,0,0,0,0,0,"2969    2969
6429    6429
2599    2599
4304    4304
6446    6446
        ... 
951      951
6830    6830
236      236
1956    1956
515      515
Name: id, Length: 500, dtype: int64",not hate,0,0,0,0,0,0,0,0,0,0,0,0,0,0,0,0,0,0
24,"1534    1534
1778    1778
958      958
3059    3059
6366    6366
        ... 
3082    3082
4032    4032
6749    6749
2552    2552
5682    5682
Name: id, Length: 229, dtype: int64","I have no doubt my mental well being has been affected by what my country is turning into. It makes me sick. I had no idea how many stupid, racist evil people live in this country. #fucktrump",0,1,1,1,1,1,3,1,1,1,1,1,1,"2969    2969
6429    6429
2599    2599
4304    4304
6446    6446
        ... 
951      951
6830    6830
236      236
1956    1956
515      515
Name: id, Length: 500, dtype: int64",not hate,1,1,1,1,1,1,1,1,1,1,1,1,1,1,1,1,1,1
25,"1534    1534
1778    1778
958      958
3059    3059
6366    6366
        ... 
3082    3082
4032    4032
6749    6749
2552    2552
5682    5682
Name: id, Length: 229, dtype: int64",No it isn't and no you don't you lying swine. You are a self serving buffoon and you're here to suck up to your fellow corrupt 'politicians' in the DUP until you're in a position to throw them under a bus.,0,1,1,1,1,1,1,1,1,1,1,1,1,"2969    2969
6429    6429
2599    2599
4304    4304
6446    6446
        ... 
951      951
6830    6830
236      236
1956    1956
515      515
Name: id, Length: 500, dtype: int64",not hate,1,1,1,1,1,1,1,1,1,1,1,1,1,1,1,1,1,1
26,"387      387
6310    6310
1982    1982
1565    1565
4483    4483
        ... 
6491    6491
344      344
6139    6139
142      142
6381    6381
Name: id, Length: 74, dtype: int64","#Rangzen people, #watchout for this fake activist from sabotaging our #FreeTibet movement.     #Tibetans #humanrights #BoycottChina #Dharamsala #March10 #Tibetan #DalaiLama #TibetCause https://t.co/lbwCJDmVYN",0,1,3,0,1,1,1,1,0,1,1,1,1,"2969    2969
6429    6429
2599    2599
4304    4304
6446    6446
        ... 
951      951
6830    6830
236      236
1956    1956
515      515
Name: id, Length: 500, dtype: int64",not hate,0,0,0,0,0,0,0,0,0,0,0,0,0,0,0,0,0,0
27,"387      387
6310    6310
1982    1982
1565    1565
4483    4483
        ... 
6491    6491
344      344
6139    6139
142      142
6381    6381
Name: id, Length: 74, dtype: int64",I think it's due to folk not understanding the history or even knowing N.I.,0,0,0,0,0,0,0,0,0,0,3,0,0,"2969    2969
6429    6429
2599    2599
4304    4304
6446    6446
        ... 
951      951
6830    6830
236      236
1956    1956
515      515
Name: id, Length: 500, dtype: int64",not hate,0,0,0,0,0,0,0,0,0,0,0,0,0,0,0,0,0,0
28,"387      387
6310    6310
1982    1982
1565    1565
4483    4483
        ... 
6491    6491
344      344
6139    6139
142      142
6381    6381
Name: id, Length: 74, dtype: int64",@maydaymindy9 @melpriceHB Definitely not alone!! I want my normal life back!! Want to stress about normal shit not this stuff. Im drained but still resisting!! #HappyJohnMcCainDay2019 #FuckTrump,0,0,0,1,1,3,0,0,1,1,1,1,1,"2969    2969
6429    6429
2599    2599
4304    4304
6446    6446
        ... 
951      951
6830    6830
236      236
1956    1956
515      515
Name: id, Length: 500, dtype: int64",not hate,0,0,0,0,0,0,0,0,0,0,0,0,0,0,0,0,0,0
29,"387      387
6310    6310
1982    1982
1565    1565
4483    4483
        ... 
6491    6491
344      344
6139    6139
142      142
6381    6381
Name: id, Length: 74, dtype: int64",@ICC @bcci @msdhoni #DhoniKeepsTheGlove     If u can allow namaz on ground    If u allow save gaza band    If u allow salute on ground    Then whats wrong in balidaan badge    R u a fool icc or its clear u hv double standard u r not keeping ur words    World doesn't need icc,1,3,1,1,1,1,1,0,1,1,1,1,1,"2969    2969
6429    6429
2599    2599
4304    4304
6446    6446
        ... 
951      951
6830    6830
236      236
1956    1956
515      515
Name: id, Length: 500, dtype: int64",hate,0,0,0,0,0,0,0,0,0,0,0,0,0,0,0,0,0,0
30,"387      387
6310    6310
1982    1982
1565    1565
4483    4483
        ... 
6491    6491
344      344
6139    6139
142      142
6381    6381
Name: id, Length: 74, dtype: int64",Boris Johnson on Gordon Brown becoming Prime Minister     This mans HYPOCRISY is unbelievable     #borisjohnsonisaclown #BorisJohnsonShouldNotBePM   #FBPE https://t.co/PDx83vd7uz,1,0,0,1,1,1,1,0,0,1,0,0,3,"2969    2969
6429    6429
2599    2599
4304    4304
6446    6446
        ... 
951      951
6830    6830
236      236
1956    1956
515      515
Name: id, Length: 500, dtype: int64",hate,0,0,0,0,0,0,0,0,0,0,0,0,0,0,0,0,0,0
31,"387      387
6310    6310
1982    1982
1565    1565
4483    4483
        ... 
6491    6491
344      344
6139    6139
142      142
6381    6381
Name: id, Length: 74, dtype: int64",@petertimmins3 I don't think it's a case of him not daring to appear but of his minders knowing what a risk it is every time he opens his mouth. Who will control him if he becomes PM? #BorisJohnsonShouldNotBePM,1,0,0,0,0,0,0,0,0,0,0,0,0,"2969    2969
6429    6429
2599    2599
4304    4304
6446    6446
        ... 
951      951
6830    6830
236      236
1956    1956
515      515
Name: id, Length: 500, dtype: int64",hate,0,0,0,0,0,0,0,0,0,0,0,0,0,0,0,0,0,0
32,"387      387
6310    6310
1982    1982
1565    1565
4483    4483
        ... 
6491    6491
344      344
6139    6139
142      142
6381    6381
Name: id, Length: 74, dtype: int64","What a shameful @ICC @cricketworldcup .  You dont have any problem with the logo‚Äôs of drinks, tobacco , cold drinks , Whichever is injurious to health but an INDIAN Balidan badge is a problem for u... Strange isn‚Äôt it ? #DhoniKeepsTheGlove #DhoniKeSaathDesh @BCCI @msdhoni",1,0,0,1,1,0,0,1,1,1,1,1,1,"2969    2969
6429    6429
2599    2599
4304    4304
6446    6446
        ... 
951      951
6830    6830
236      236
1956    1956
515      515
Name: id, Length: 500, dtype: int64",hate,0,0,0,0,0,0,0,0,0,0,0,0,0,0,0,0,0,0
33,"387      387
6310    6310
1982    1982
1565    1565
4483    4483
        ... 
6491    6491
344      344
6139    6139
142      142
6381    6381
Name: id, Length: 74, dtype: int64","@Allegedly_G We shall call it the #Impeachment Gala and celibrate for 96 hours, from #TraitorTuesday to #FuckTrump Friday, with huge parades from sea to shining sea. https://t.co/o7iiO78sVx",0,0,0,1,1,1,1,1,1,1,1,1,1,"2969    2969
6429    6429
2599    2599
4304    4304
6446    6446
        ... 
951      951
6830    6830
236      236
1956    1956
515      515
Name: id, Length: 500, dtype: int64",not hate,0,0,0,0,0,0,0,0,0,0,0,0,0,0,0,0,0,0
34,"387      387
6310    6310
1982    1982
1565    1565
4483    4483
        ... 
6491    6491
344      344
6139    6139
142      142
6381    6381
Name: id, Length: 74, dtype: int64",@9NEWS Of course @HillaryClinton would support a Woman on her Knees!     That‚Äôs the only way @BillClinton will likes them!     #Clinton #DemocratsAreCorrupt #monica #cigars #clintoncrime #haiti #bleachbit #benghazi #rapist #Fakefeminist #groperinchief #imwithHer #pridemonth,0,1,1,1,1,1,1,1,1,1,1,1,1,"2969    2969
6429    6429
2599    2599
4304    4304
6446    6446
        ... 
951      951
6830    6830
236      236
1956    1956
515      515
Name: id, Length: 500, dtype: int64",not hate,0,0,0,0,0,0,0,0,0,0,0,0,0,0,0,0,0,0
35,"387      387
6310    6310
1982    1982
1565    1565
4483    4483
        ... 
6491    6491
344      344
6139    6139
142      142
6381    6381
Name: id, Length: 74, dtype: int64",Oh shit! It's been a while.  I forgot Twitter was a thing!   (Said Trump never)  #potus #trump #you #dickhead,1,0,0,0,0,0,0,0,0,0,3,0,0,"2969    2969
6429    6429
2599    2599
4304    4304
6446    6446
        ... 
951      951
6830    6830
236      236
1956    1956
515      515
Name: id, Length: 500, dtype: int64",hate,0,0,0,0,0,0,0,0,0,0,0,0,0,0,0,0,0,0
36,"387      387
6310    6310
1982    1982
1565    1565
4483    4483
        ... 
6491    6491
344      344
6139    6139
142      142
6381    6381
Name: id, Length: 74, dtype: int64",At least they told both of you to basically fuck off ,0,3,0,0,0,0,0,1,1,1,1,1,1,"2969    2969
6429    6429
2599    2599
4304    4304
6446    6446
        ... 
951      951
6830    6830
236      236
1956    1956
515      515
Name: id, Length: 500, dtype: int64",not hate,0,0,0,0,0,0,0,0,0,0,0,0,0,0,0,0,0,0
37,"387      387
6310    6310
1982    1982
1565    1565
4483    4483
        ... 
6491    6491
344      344
6139    6139
142      142
6381    6381
Name: id, Length: 74, dtype: int64",@NegarMortazavi @csdickey ‚ÄùAt the end of the day they (wars) are about little girls in fiberboard coffins.‚Äù #FuckTrump and US foreign policies. It‚Äôs all about others little girls in coffins.,0,3,3,1,1,1,1,1,1,1,1,1,1,"2969    2969
6429    6429
2599    2599
4304    4304
6446    6446
        ... 
951      951
6830    6830
236      236
1956    1956
515      515
Name: id, Length: 500, dtype: int64",not hate,0,0,0,0,0,0,0,0,0,0,0,0,1,1,1,0,0,0
38,"387      387
6310    6310
1982    1982
1565    1565
4483    4483
        ... 
6491    6491
344      344
6139    6139
142      142
6381    6381
Name: id, Length: 74, dtype: int64","Sarah Sanders is floating the idea of running for Arkansas governor, sources say #Resist #ResistTrump #FuckTrump https://t.co/L78qmZDJWu",0,0,0,1,0,0,0,0,1,1,1,1,1,"2969    2969
6429    6429
2599    2599
4304    4304
6446    6446
        ... 
951      951
6830    6830
236      236
1956    1956
515      515
Name: id, Length: 500, dtype: int64",not hate,0,0,0,0,0,0,0,0,0,0,0,0,0,0,0,0,0,0
39,"5189    5189
2176    2176
5948    5948
2451    2451
3445    3445
        ... 
6491    6491
344      344
6139    6139
142      142
6381    6381
Name: id, Length: 61, dtype: int64","So #Individual1 keeps praising #KimJongUn, a #criminal #murderer #dictator as somebody with great leadership who just wrote him a 'beautiful letter' WTF!",0,0,1,1,1,1,1,1,1,1,1,1,1,"2969    2969
6429    6429
2599    2599
4304    4304
6446    6446
        ... 
951      951
6830    6830
236      236
1956    1956
515      515
Name: id, Length: 500, dtype: int64",not hate,1,1,1,1,1,1,1,1,1,1,1,1,1,1,1,1,1,1
40,"5189    5189
2176    2176
5948    5948
2451    2451
3445    3445
        ... 
6491    6491
344      344
6139    6139
142      142
6381    6381
Name: id, Length: 61, dtype: int64",#Sachin Tandolker : a Biography || #ParallelMedia | https://t.co/UHegopogBS via @YouTube  #IndiaWithDhoni  #WWESSD  #DhoniKeSaathDesh  #DhoniKeepsTheGlove  #BharatRoarsOnDay3  #Kundru  #BIGDAYSGAZEONTANHAJI  #KNACKDHANUSHBIRTHDAYIN50D   #Thiem  #SaketKumar,0,3,3,3,3,3,3,3,3,3,3,3,0,"2969    2969
6429    6429
2599    2599
4304    4304
6446    6446
        ... 
951      951
6830    6830
236      236
1956    1956
515      515
Name: id, Length: 500, dtype: int64",not hate,0,0,0,0,0,0,0,0,0,0,0,0,0,0,0,0,0,0
41,"5189    5189
2176    2176
5948    5948
2451    2451
3445    3445
        ... 
6491    6491
344      344
6139    6139
142      142
6381    6381
Name: id, Length: 61, dtype: int64",One of my class mate was.... I didn't doubt on their loyalty... But i am against the basic consept & foreign involvement in their religion  It is just to disgrace islam,0,1,1,1,1,1,0,1,1,1,1,1,1,"2969    2969
6429    6429
2599    2599
4304    4304
6446    6446
        ... 
951      951
6830    6830
236      236
1956    1956
515      515
Name: id, Length: 500, dtype: int64",not hate,0,0,0,0,0,0,0,0,0,0,0,0,0,0,0,0,0,0
42,"5189    5189
2176    2176
5948    5948
2451    2451
3445    3445
        ... 
6491    6491
344      344
6139    6139
142      142
6381    6381
Name: id, Length: 61, dtype: int64","Except for a reversal on position of DACA, except Trump's properties are among the employers taking advantage of illegal immigrants, except Trump lowered the number of refugees the US will accept.  But, yeah, pretty much the same.",0,0,0,0,0,0,0,0,0,1,1,0,1,"2969    2969
6429    6429
2599    2599
4304    4304
6446    6446
        ... 
951      951
6830    6830
236      236
1956    1956
515      515
Name: id, Length: 500, dtype: int64",not hate,0,0,0,0,0,0,0,0,0,0,0,0,0,0,0,0,0,0
43,"5189    5189
2176    2176
5948    5948
2451    2451
3445    3445
        ... 
6491    6491
344      344
6139    6139
142      142
6381    6381
Name: id, Length: 61, dtype: int64",The #douchebag of social media has greatly struck #again! https://t.co/zGlM9sNMKY,0,3,0,0,1,1,1,0,0,1,1,1,1,"2969    2969
6429    6429
2599    2599
4304    4304
6446    6446
        ... 
951      951
6830    6830
236      236
1956    1956
515      515
Name: id, Length: 500, dtype: int64",not hate,0,0,0,0,0,0,0,0,0,0,0,0,0,0,0,0,0,0
44,"5189    5189
2176    2176
5948    5948
2451    2451
3445    3445
        ... 
6491    6491
344      344
6139    6139
142      142
6381    6381
Name: id, Length: 61, dtype: int64","West Bengal: State Health Department bus carrying representatives of doctors scheduled to meet CM Mamata Banerjee in Nabanna, today. ",0,0,3,0,0,0,0,0,0,0,0,0,0,"2969    2969
6429    6429
2599    2599
4304    4304
6446    6446
        ... 
951      951
6830    6830
236      236
1956    1956
515      515
Name: id, Length: 500, dtype: int64",not hate,0,0,0,0,0,0,0,0,0,0,0,0,0,0,0,0,0,0
45,"5189    5189
2176    2176
5948    5948
2451    2451
3445    3445
        ... 
6491    6491
344      344
6139    6139
142      142
6381    6381
Name: id, Length: 61, dtype: int64",Mr Johnson Don‚Äôt forget about us across the Pond . PM Modi is looking forward to working with you . Brexit will bring a new era of Deep cooperation between India and Great Britain. ,0,0,0,0,0,0,0,0,0,0,0,0,0,"2969    2969
6429    6429
2599    2599
4304    4304
6446    6446
        ... 
951      951
6830    6830
236      236
1956    1956
515      515
Name: id, Length: 500, dtype: int64",not hate,0,0,0,0,0,0,0,0,0,0,0,0,0,0,0,0,0,0
46,"5189    5189
2176    2176
5948    5948
2451    2451
3445    3445
        ... 
6491    6491
344      344
6139    6139
142      142
6381    6381
Name: id, Length: 61, dtype: int64","Kid on a bike cycling down the road towards me, decides to try show off by taking his cap off, twirling it and catching it. Only he dropped it and fell off his bike a foot away from me.    #Dickhead.",0,0,0,0,0,0,0,0,0,0,0,1,1,"2969    2969
6429    6429
2599    2599
4304    4304
6446    6446
        ... 
951      951
6830    6830
236      236
1956    1956
515      515
Name: id, Length: 500, dtype: int64",not hate,0,0,0,0,0,0,0,0,0,0,0,0,0,0,0,0,0,0
47,"6000    6000
1797    1797
3192    3192
4178    4178
1383    1383
5926    5926
1998    1998
6641    6641
5042    5042
3026    3026
3240    3240
1936    1936
4830    4830
3757    3757
1424    1424
411      411
6056    6056
5298    5298
4187    4187
4052    4052
6478    6478
2650    2650
2574    2574
5229    5229
5216    5216
6942    6942
772      772
2359    2359
2336    2336
1849    1849
3074    3074
4555    4555
3727    3727
1231    1231
444      444
1115    1115
3265    3265
6545    6545
4334    4334
628      628
4253    4253
2820    2820
5071    5071
1654    1654
1706    1706
2990    2990
6040    6040
945      945
6491    6491
344      344
6139    6139
142      142
6381    6381
Name: id, dtype: int64","@hd_kumaraswamy @RahulGandhi @ArvindKejriwal @trspartyonline @SitaramYechury @MamataBanerji Unfortunate political devpt in India Dissolve all parties including INC. HDD, Sonia, 2Sharadjis, Mamata, Mayavati, Abhishek, Stalin, TRS, Jagmohan, Faruk& Chandrbabu take lead &save India.",0,3,0,0,1,0,1,0,3,3,1,0,1,"2969    2969
6429    6429
2599    2599
4304    4304
6446    6446
        ... 
951      951
6830    6830
236      236
1956    1956
515      515
Name: id, Length: 500, dtype: int64",not hate,0,0,0,0,0,0,0,0,0,0,0,0,0,0,0,0,0,0
48,"6000    6000
1797    1797
3192    3192
4178    4178
1383    1383
5926    5926
1998    1998
6641    6641
5042    5042
3026    3026
3240    3240
1936    1936
4830    4830
3757    3757
1424    1424
411      411
6056    6056
5298    5298
4187    4187
4052    4052
6478    6478
2650    2650
2574    2574
5229    5229
5216    5216
6942    6942
772      772
2359    2359
2336    2336
1849    1849
3074    3074
4555    4555
3727    3727
1231    1231
444      444
1115    1115
3265    3265
6545    6545
4334    4334
628      628
4253    4253
2820    2820
5071    5071
1654    1654
1706    1706
2990    2990
6040    6040
945      945
6491    6491
344      344
6139    6139
142      142
6381    6381
Name: id, dtype: int64","Bhakts are hilarious!  They think Twitter Trends are going to change the weather, the ICC and literally anyone else apart from people who share their shitty ideology.   #ShameOnICC my ass ü§£ü§£ü§£",0,0,0,0,1,0,0,0,0,1,1,1,1,"2969    2969
6429    6429
2599    2599
4304    4304
6446    6446
        ... 
951      951
6830    6830
236      236
1956    1956
515      515
Name: id, Length: 500, dtype: int64",not hate,0,0,0,1,1,1,1,1,1,0,0,0,0,0,0,0,0,0
49,"6000    6000
1797    1797
3192    3192
4178    4178
1383    1383
5926    5926
1998    1998
6641    6641
5042    5042
3026    3026
3240    3240
1936    1936
4830    4830
3757    3757
1424    1424
411      411
6056    6056
5298    5298
4187    4187
4052    4052
6478    6478
2650    2650
2574    2574
5229    5229
5216    5216
6942    6942
772      772
2359    2359
2336    2336
1849    1849
3074    3074
4555    4555
3727    3727
1231    1231
444      444
1115    1115
3265    3265
6545    6545
4334    4334
628      628
4253    4253
2820    2820
5071    5071
1654    1654
1706    1706
2990    2990
6040    6040
945      945
6491    6491
344      344
6139    6139
142      142
6381    6381
Name: id, dtype: int64",He is already starting this talk. We need to act now before we have no choice! #TrumpIsATraitor #LockHimUp #TrumpIsTheEnemyOfThePeople https://t.co/XI2WvVKtr5,0,3,3,1,3,1,0,0,3,1,1,1,1,"2969    2969
6429    6429
2599    2599
4304    4304
6446    6446
        ... 
951      951
6830    6830
236      236
1956    1956
515      515
Name: id, Length: 500, dtype: int64",not hate,0,0,0,0,0,0,0,0,0,0,0,0,0,0,0,0,0,0
50,"6000    6000
1797    1797
3192    3192
4178    4178
1383    1383
5926    5926
1998    1998
6641    6641
5042    5042
3026    3026
3240    3240
1936    1936
4830    4830
3757    3757
1424    1424
411      411
6056    6056
5298    5298
4187    4187
4052    4052
6478    6478
2650    2650
2574    2574
5229    5229
5216    5216
6942    6942
772      772
2359    2359
2336    2336
1849    1849
3074    3074
4555    4555
3727    3727
1231    1231
444      444
1115    1115
3265    3265
6545    6545
4334    4334
628      628
4253    4253
2820    2820
5071    5071
1654    1654
1706    1706
2990    2990
6040    6040
945      945
6491    6491
344      344
6139    6139
142      142
6381    6381
Name: id, dtype: int64",Pic 1- icc on Ms Dhoni gloves.  Vs   Pic 2- icc planning world cup.  #ShameOnICC https://t.co/3mM6QjwpNN https://t.co/pAuS8ic6uX,1,3,3,3,3,3,0,3,0,3,3,0,3,"2969    2969
6429    6429
2599    2599
4304    4304
6446    6446
        ... 
951      951
6830    6830
236      236
1956    1956
515      515
Name: id, Length: 500, dtype: int64",hate,0,0,0,0,0,0,0,0,0,0,0,0,0,0,0,0,0,0
51,"6000    6000
1797    1797
3192    3192
4178    4178
1383    1383
5926    5926
1998    1998
6641    6641
5042    5042
3026    3026
3240    3240
1936    1936
4830    4830
3757    3757
1424    1424
411      411
6056    6056
5298    5298
4187    4187
4052    4052
6478    6478
2650    2650
2574    2574
5229    5229
5216    5216
6942    6942
772      772
2359    2359
2336    2336
1849    1849
3074    3074
4555    4555
3727    3727
1231    1231
444      444
1115    1115
3265    3265
6545    6545
4334    4334
628      628
4253    4253
2820    2820
5071    5071
1654    1654
1706    1706
2990    2990
6040    6040
945      945
6491    6491
344      344
6139    6139
142      142
6381    6381
Name: id, dtype: int64",@billmaher  continues to try sooooo hard to remain relevant. #MSM is the only one who cares #LowRatings #LowIQ #DrugAddict #SexFiend #DoucheBag,0,0,0,1,1,1,1,1,1,1,1,1,1,"2969    2969
6429    6429
2599    2599
4304    4304
6446    6446
        ... 
951      951
6830    6830
236      236
1956    1956
515      515
Name: id, Length: 500, dtype: int64",not hate,0,0,0,1,1,1,1,1,1,1,1,1,1,1,1,1,1,1
52,"6000    6000
1797    1797
3192    3192
4178    4178
1383    1383
5926    5926
1998    1998
6641    6641
5042    5042
3026    3026
3240    3240
1936    1936
4830    4830
3757    3757
1424    1424
411      411
6056    6056
5298    5298
4187    4187
4052    4052
6478    6478
2650    2650
2574    2574
5229    5229
5216    5216
6942    6942
772      772
2359    2359
2336    2336
1849    1849
3074    3074
4555    4555
3727    3727
1231    1231
444      444
1115    1115
3265    3265
6545    6545
4334    4334
628      628
4253    4253
2820    2820
5071    5071
1654    1654
1706    1706
2990    2990
6040    6040
945      945
6491    6491
344      344
6139    6139
142      142
6381    6381
Name: id, dtype: int64",No Muslim MP of both houses favoured Teen Talaq bill. Teen Talaq stopped scope of call to these MP's and all opposing MP from Mulla Maulvi Imam to perform HALALA. Now they do additional sex with ladies of his own house's. @ghulamnazad @OmarAbdullah @salman7khurshid @ahmedpatel,1,1,1,1,1,1,1,1,1,1,1,1,1,"2969    2969
6429    6429
2599    2599
4304    4304
6446    6446
        ... 
951      951
6830    6830
236      236
1956    1956
515      515
Name: id, Length: 500, dtype: int64",hate,0,0,0,0,0,0,0,0,0,0,0,0,0,0,0,0,0,0
53,"6000    6000
1797    1797
3192    3192
4178    4178
1383    1383
5926    5926
1998    1998
6641    6641
5042    5042
3026    3026
3240    3240
1936    1936
4830    4830
3757    3757
1424    1424
411      411
6056    6056
5298    5298
4187    4187
4052    4052
6478    6478
2650    2650
2574    2574
5229    5229
5216    5216
6942    6942
772      772
2359    2359
2336    2336
1849    1849
3074    3074
4555    4555
3727    3727
1231    1231
444      444
1115    1115
3265    3265
6545    6545
4334    4334
628      628
4253    4253
2820    2820
5071    5071
1654    1654
1706    1706
2990    2990
6040    6040
945      945
6491    6491
344      344
6139    6139
142      142
6381    6381
Name: id, dtype: int64","Good morning @RealDonaldtRUMP, have a nice sleep you fucking bitch? #maga #FOXNews #FuckTrump @GOP #WednesdayWisdom https://t.co/5L5mWnTlzv",0,1,3,1,1,1,1,1,1,1,1,1,1,"2969    2969
6429    6429
2599    2599
4304    4304
6446    6446
        ... 
951      951
6830    6830
236      236
1956    1956
515      515
Name: id, Length: 500, dtype: int64",not hate,1,1,1,1,1,1,1,1,1,1,1,1,1,1,1,1,1,1
54,"6000    6000
1797    1797
3192    3192
4178    4178
1383    1383
5926    5926
1998    1998
6641    6641
5042    5042
3026    3026
3240    3240
1936    1936
4830    4830
3757    3757
1424    1424
411      411
6056    6056
5298    5298
4187    4187
4052    4052
6478    6478
2650    2650
2574    2574
5229    5229
5216    5216
6942    6942
772      772
2359    2359
2336    2336
1849    1849
3074    3074
4555    4555
3727    3727
1231    1231
444      444
1115    1115
3265    3265
6545    6545
4334    4334
628      628
4253    4253
2820    2820
5071    5071
1654    1654
1706    1706
2990    2990
6040    6040
945      945
6491    6491
344      344
6139    6139
142      142
6381    6381
Name: id, dtype: int64",This is called group halala....Islam permits this...so stop cribbing and pointing fingers. Islam is a peaceful religion and the Muslims are a afraid group.,1,1,0,1,1,1,1,1,1,1,1,1,1,"2969    2969
6429    6429
2599    2599
4304    4304
6446    6446
        ... 
951      951
6830    6830
236      236
1956    1956
515      515
Name: id, Length: 500, dtype: int64",hate,0,0,0,0,0,0,0,0,0,0,0,0,0,0,0,0,0,0
55,"6000    6000
1797    1797
3192    3192
4178    4178
1383    1383
5926    5926
1998    1998
6641    6641
5042    5042
3026    3026
3240    3240
1936    1936
4830    4830
3757    3757
1424    1424
411      411
6056    6056
5298    5298
4187    4187
4052    4052
6478    6478
2650    2650
2574    2574
5229    5229
5216    5216
6942    6942
772      772
2359    2359
2336    2336
1849    1849
3074    3074
4555    4555
3727    3727
1231    1231
444      444
1115    1115
3265    3265
6545    6545
4334    4334
628      628
4253    4253
2820    2820
5071    5071
1654    1654
1706    1706
2990    2990
6040    6040
945      945
6491    6491
344      344
6139    6139
142      142
6381    6381
Name: id, dtype: int64",@ICC please focus on umpiring rather than what a player should wear #DhoniKeepsTheGlove,1,0,0,0,0,0,0,0,0,0,3,0,0,"2969    2969
6429    6429
2599    2599
4304    4304
6446    6446
        ... 
951      951
6830    6830
236      236
1956    1956
515      515
Name: id, Length: 500, dtype: int64",hate,0,0,0,0,0,0,0,0,0,0,0,0,0,0,0,0,0,0
56,"6000    6000
1797    1797
3192    3192
4178    4178
1383    1383
5926    5926
1998    1998
6641    6641
5042    5042
3026    3026
3240    3240
1936    1936
4830    4830
3757    3757
1424    1424
411      411
6056    6056
5298    5298
4187    4187
4052    4052
6478    6478
2650    2650
2574    2574
5229    5229
5216    5216
6942    6942
772      772
2359    2359
2336    2336
1849    1849
3074    3074
4555    4555
3727    3727
1231    1231
444      444
1115    1115
3265    3265
6545    6545
4334    4334
628      628
4253    4253
2820    2820
5071    5071
1654    1654
1706    1706
2990    2990
6040    6040
945      945
6491    6491
344      344
6139    6139
142      142
6381    6381
Name: id, dtype: int64",Hey everybody I just released a new single entitled ‚ÄúFor The People‚Äù if you could take a few minutes out of your day and give it a listen and share it if you like it I would greatly greatly appreciate it #punkrock #politicalpunk #NewMusic #fucktrump https://t.co/Kx8EvolZmQ,0,0,0,0,0,0,0,0,0,1,0,0,0,"2969    2969
6429    6429
2599    2599
4304    4304
6446    6446
        ... 
951      951
6830    6830
236      236
1956    1956
515      515
Name: id, Length: 500, dtype: int64",not hate,0,0,0,0,0,0,0,0,0,0,0,0,0,0,0,0,0,0
57,"6000    6000
1797    1797
3192    3192
4178    4178
1383    1383
5926    5926
1998    1998
6641    6641
5042    5042
3026    3026
3240    3240
1936    1936
4830    4830
3757    3757
1424    1424
411      411
6056    6056
5298    5298
4187    4187
4052    4052
6478    6478
2650    2650
2574    2574
5229    5229
5216    5216
6942    6942
772      772
2359    2359
2336    2336
1849    1849
3074    3074
4555    4555
3727    3727
1231    1231
444      444
1115    1115
3265    3265
6545    6545
4334    4334
628      628
4253    4253
2820    2820
5071    5071
1654    1654
1706    1706
2990    2990
6040    6040
945      945
6491    6491
344      344
6139    6139
142      142
6381    6381
Name: id, dtype: int64",Becaaauuusssse ... thinks to self *I'm lying right now* #TrumpIsATraitor #TrumpRussia https://t.co/H1OJgA0Mr2,0,3,0,3,0,3,3,3,3,1,1,1,1,"2969    2969
6429    6429
2599    2599
4304    4304
6446    6446
        ... 
951      951
6830    6830
236      236
1956    1956
515      515
Name: id, Length: 500, dtype: int64",not hate,0,0,0,0,0,0,0,0,0,0,0,0,0,0,0,0,0,0
58,"6000    6000
1797    1797
3192    3192
4178    4178
1383    1383
5926    5926
1998    1998
6641    6641
5042    5042
3026    3026
3240    3240
1936    1936
4830    4830
3757    3757
1424    1424
411      411
6056    6056
5298    5298
4187    4187
4052    4052
6478    6478
2650    2650
2574    2574
5229    5229
5216    5216
6942    6942
772      772
2359    2359
2336    2336
1849    1849
3074    3074
4555    4555
3727    3727
1231    1231
444      444
1115    1115
3265    3265
6545    6545
4334    4334
628      628
4253    4253
2820    2820
5071    5071
1654    1654
1706    1706
2990    2990
6040    6040
945      945
6491    6491
344      344
6139    6139
142      142
6381    6381
Name: id, dtype: int64","My god, such a loser. #fucktrump https://t.co/VOaMDvuamA",0,3,3,1,1,1,1,1,1,1,1,1,1,"2969    2969
6429    6429
2599    2599
4304    4304
6446    6446
        ... 
951      951
6830    6830
236      236
1956    1956
515      515
Name: id, Length: 500, dtype: int64",not hate,0,0,0,0,0,0,0,0,0,0,0,0,1,1,1,1,1,1
59,"6000    6000
1797    1797
3192    3192
4178    4178
1383    1383
5926    5926
1998    1998
6641    6641
5042    5042
3026    3026
3240    3240
1936    1936
4830    4830
3757    3757
1424    1424
411      411
6056    6056
5298    5298
4187    4187
4052    4052
6478    6478
2650    2650
2574    2574
5229    5229
5216    5216
6942    6942
772      772
2359    2359
2336    2336
1849    1849
3074    3074
4555    4555
3727    3727
1231    1231
444      444
1115    1115
3265    3265
6545    6545
4334    4334
628      628
4253    4253
2820    2820
5071    5071
1654    1654
1706    1706
2990    2990
6040    6040
945      945
6491    6491
344      344
6139    6139
142      142
6381    6381
Name: id, dtype: int64","#IndiaVsPakistan is a one sided affair all the time.   The hype gets created by #TerroristNationPakistan   The fact is, #PakistanCricket, #PakistanArmy or #PakistanEconomy is no match for #India   #IndianCricketTeam proved it today.   #FathersDay slap from a real father!!  #INDvPAK",1,1,3,1,1,1,1,1,1,1,1,1,1,"2969    2969
6429    6429
2599    2599
4304    4304
6446    6446
        ... 
951      951
6830    6830
236      236
1956    1956
515      515
Name: id, Length: 500, dtype: int64",hate,0,0,0,0,0,0,0,0,0,0,0,0,0,0,0,0,0,0
60,"6000    6000
1797    1797
3192    3192
4178    4178
1383    1383
5926    5926
1998    1998
6641    6641
5042    5042
3026    3026
3240    3240
1936    1936
4830    4830
3757    3757
1424    1424
411      411
6056    6056
5298    5298
4187    4187
4052    4052
6478    6478
2650    2650
2574    2574
5229    5229
5216    5216
6942    6942
772      772
2359    2359
2336    2336
1849    1849
3074    3074
4555    4555
3727    3727
1231    1231
444      444
1115    1115
3265    3265
6545    6545
4334    4334
628      628
4253    4253
2820    2820
5071    5071
1654    1654
1706    1706
2990    2990
6040    6040
945      945
6491    6491
344      344
6139    6139
142      142
6381    6381
Name: id, dtype: int64",Saying @Conservatives are England team - they may play for different clubs but they come together for England say @michaelgove. Only problem with that analogy is that @BorisJohnson refuses to attend training+expects to be made captain. #Eton privilege? #BorisJohnsonShouldNotBePM https://t.co/4NySvWv5hP,0,0,0,0,1,0,0,0,0,1,0,1,1,"2969    2969
6429    6429
2599    2599
4304    4304
6446    6446
        ... 
951      951
6830    6830
236      236
1956    1956
515      515
Name: id, Length: 500, dtype: int64",not hate,0,0,0,0,0,0,0,0,0,0,0,0,0,0,0,0,0,0
61,"6000    6000
1797    1797
3192    3192
4178    4178
1383    1383
5926    5926
1998    1998
6641    6641
5042    5042
3026    3026
3240    3240
1936    1936
4830    4830
3757    3757
1424    1424
411      411
6056    6056
5298    5298
4187    4187
4052    4052
6478    6478
2650    2650
2574    2574
5229    5229
5216    5216
6942    6942
772      772
2359    2359
2336    2336
1849    1849
3074    3074
4555    4555
3727    3727
1231    1231
444      444
1115    1115
3265    3265
6545    6545
4334    4334
628      628
4253    4253
2820    2820
5071    5071
1654    1654
1706    1706
2990    2990
6040    6040
945      945
6491    6491
344      344
6139    6139
142      142
6381    6381
Name: id, dtype: int64",@realDonaldTrump Well HAPPY FU‚Ç¨KING BDAY TO YOU A$$HOLE....MAY IT BE YOUR LASTüôèüôèüôèüôèüôè #TrumpIsATraitor #TrumpMustResign #TrumpsAnInternationalDisgrace #TrumpResignNow #DumpTrump #TrumpsBirthday is his lastüôè,0,1,1,1,1,1,1,1,1,1,1,1,1,"2969    2969
6429    6429
2599    2599
4304    4304
6446    6446
        ... 
951      951
6830    6830
236      236
1956    1956
515      515
Name: id, Length: 500, dtype: int64",not hate,1,1,1,1,1,1,1,1,1,1,1,1,1,1,1,1,1,1
62,"6000    6000
1797    1797
3192    3192
4178    4178
1383    1383
5926    5926
1998    1998
6641    6641
5042    5042
3026    3026
3240    3240
1936    1936
4830    4830
3757    3757
1424    1424
411      411
6056    6056
5298    5298
4187    4187
4052    4052
6478    6478
2650    2650
2574    2574
5229    5229
5216    5216
6942    6942
772      772
2359    2359
2336    2336
1849    1849
3074    3074
4555    4555
3727    3727
1231    1231
444      444
1115    1115
3265    3265
6545    6545
4334    4334
628      628
4253    4253
2820    2820
5071    5071
1654    1654
1706    1706
2990    2990
6040    6040
945      945
6491    6491
344      344
6139    6139
142      142
6381    6381
Name: id, dtype: int64",@ICC @BCBtigers can repeat the history. Its Difficult to beat @englandcricket in their own soil.  All the best to both team.  It will be great fight.  #DhoniKeepTheGlove   #DhoniKeepsTheGlove,0,0,0,0,0,0,0,0,0,0,0,0,0,"2969    2969
6429    6429
2599    2599
4304    4304
6446    6446
        ... 
951      951
6830    6830
236      236
1956    1956
515      515
Name: id, Length: 500, dtype: int64",not hate,0,0,0,0,0,0,0,0,0,0,0,0,0,0,0,0,0,0
63,"6000    6000
1797    1797
3192    3192
4178    4178
1383    1383
5926    5926
1998    1998
6641    6641
5042    5042
3026    3026
3240    3240
1936    1936
4830    4830
3757    3757
1424    1424
411      411
6056    6056
5298    5298
4187    4187
4052    4052
6478    6478
2650    2650
2574    2574
5229    5229
5216    5216
6942    6942
772      772
2359    2359
2336    2336
1849    1849
3074    3074
4555    4555
3727    3727
1231    1231
444      444
1115    1115
3265    3265
6545    6545
4334    4334
628      628
4253    4253
2820    2820
5071    5071
1654    1654
1706    1706
2990    2990
6040    6040
945      945
6491    6491
344      344
6139    6139
142      142
6381    6381
Name: id, dtype: int64",TM taught us to include the year. #Brexit by 31 Oct 2019.,0,3,3,0,0,0,0,0,0,3,0,0,0,"2969    2969
6429    6429
2599    2599
4304    4304
6446    6446
        ... 
951      951
6830    6830
236      236
1956    1956
515      515
Name: id, Length: 500, dtype: int64",not hate,0,0,0,0,0,0,0,0,0,0,0,0,0,0,0,0,0,0
64,"6000    6000
1797    1797
3192    3192
4178    4178
1383    1383
5926    5926
1998    1998
6641    6641
5042    5042
3026    3026
3240    3240
1936    1936
4830    4830
3757    3757
1424    1424
411      411
6056    6056
5298    5298
4187    4187
4052    4052
6478    6478
2650    2650
2574    2574
5229    5229
5216    5216
6942    6942
772      772
2359    2359
2336    2336
1849    1849
3074    3074
4555    4555
3727    3727
1231    1231
444      444
1115    1115
3265    3265
6545    6545
4334    4334
628      628
4253    4253
2820    2820
5071    5071
1654    1654
1706    1706
2990    2990
6040    6040
945      945
6491    6491
344      344
6139    6139
142      142
6381    6381
Name: id, dtype: int64",Where is icc are you fully blind @ICC @cricketworldcup #ICCWorldCup2019 #DhoniKeepsTheGlove #pkmkb https://t.co/RFnDnzpSLg,0,0,0,0,0,0,3,3,0,1,1,1,1,"2969    2969
6429    6429
2599    2599
4304    4304
6446    6446
        ... 
951      951
6830    6830
236      236
1956    1956
515      515
Name: id, Length: 500, dtype: int64",not hate,0,0,0,0,0,0,0,0,0,0,0,0,0,0,0,0,0,0
65,"6000    6000
1797    1797
3192    3192
4178    4178
1383    1383
5926    5926
1998    1998
6641    6641
5042    5042
3026    3026
3240    3240
1936    1936
4830    4830
3757    3757
1424    1424
411      411
6056    6056
5298    5298
4187    4187
4052    4052
6478    6478
2650    2650
2574    2574
5229    5229
5216    5216
6942    6942
772      772
2359    2359
2336    2336
1849    1849
3074    3074
4555    4555
3727    3727
1231    1231
444      444
1115    1115
3265    3265
6545    6545
4334    4334
628      628
4253    4253
2820    2820
5071    5071
1654    1654
1706    1706
2990    2990
6040    6040
945      945
6491    6491
344      344
6139    6139
142      142
6381    6381
Name: id, dtype: int64",@Wimbledon and @icc should have some sort of communication 2019 will have two final on same day #July14. How can someone be so wrong on planning such an important event #WC2019 #ShameOnICC #ICCWorldCup2019  pathetic planning https://t.co/M2KmJZIiE3,1,0,3,0,0,0,0,0,0,0,0,0,0,"2969    2969
6429    6429
2599    2599
4304    4304
6446    6446
        ... 
951      951
6830    6830
236      236
1956    1956
515      515
Name: id, Length: 500, dtype: int64",hate,0,0,0,0,0,0,0,0,0,0,0,0,0,0,0,0,0,0
66,"6000    6000
1797    1797
3192    3192
4178    4178
1383    1383
5926    5926
1998    1998
6641    6641
5042    5042
3026    3026
3240    3240
1936    1936
4830    4830
3757    3757
1424    1424
411      411
6056    6056
5298    5298
4187    4187
4052    4052
6478    6478
2650    2650
2574    2574
5229    5229
5216    5216
6942    6942
772      772
2359    2359
2336    2336
1849    1849
3074    3074
4555    4555
3727    3727
1231    1231
444      444
1115    1115
3265    3265
6545    6545
4334    4334
628      628
4253    4253
2820    2820
5071    5071
1654    1654
1706    1706
2990    2990
6040    6040
945      945
6491    6491
344      344
6139    6139
142      142
6381    6381
Name: id, dtype: int64",#ShameOnICC what a bunch of useless people working for @ICC. The whole frenzy of World Cup is ruined. Who elect these suckers,0,3,3,1,1,1,1,1,1,1,1,1,1,"2969    2969
6429    6429
2599    2599
4304    4304
6446    6446
        ... 
951      951
6830    6830
236      236
1956    1956
515      515
Name: id, Length: 500, dtype: int64",not hate,0,0,0,0,0,0,0,0,0,0,0,0,0,0,0,0,0,0
67,"6000    6000
1797    1797
3192    3192
4178    4178
1383    1383
5926    5926
1998    1998
6641    6641
5042    5042
3026    3026
3240    3240
1936    1936
4830    4830
3757    3757
1424    1424
411      411
6056    6056
5298    5298
4187    4187
4052    4052
6478    6478
2650    2650
2574    2574
5229    5229
5216    5216
6942    6942
772      772
2359    2359
2336    2336
1849    1849
3074    3074
4555    4555
3727    3727
1231    1231
444      444
1115    1115
3265    3265
6545    6545
4334    4334
628      628
4253    4253
2820    2820
5071    5071
1654    1654
1706    1706
2990    2990
6040    6040
945      945
6491    6491
344      344
6139    6139
142      142
6381    6381
Name: id, dtype: int64",but can buy raw meat from muslim shop.,0,0,0,0,0,0,0,1,0,1,1,1,1,"2969    2969
6429    6429
2599    2599
4304    4304
6446    6446
        ... 
951      951
6830    6830
236      236
1956    1956
515      515
Name: id, Length: 500, dtype: int64",not hate,0,0,0,0,0,0,0,0,0,0,0,0,0,0,0,0,0,0
68,"6000    6000
1797    1797
3192    3192
4178    4178
1383    1383
5926    5926
1998    1998
6641    6641
5042    5042
3026    3026
3240    3240
1936    1936
4830    4830
3757    3757
1424    1424
411      411
6056    6056
5298    5298
4187    4187
4052    4052
6478    6478
2650    2650
2574    2574
5229    5229
5216    5216
6942    6942
772      772
2359    2359
2336    2336
1849    1849
3074    3074
4555    4555
3727    3727
1231    1231
444      444
1115    1115
3265    3265
6545    6545
4334    4334
628      628
4253    4253
2820    2820
5071    5071
1654    1654
1706    1706
2990    2990
6040    6040
945      945
6491    6491
344      344
6139    6139
142      142
6381    6381
Name: id, dtype: int64","Doctors studded almost half of thire life just become a worthy of that WHITE COAT &amp; they have invested a lot of money and time for that. They too have life, they too have families, they are also a human being. They just want respect and safety.   #Savethedoctors #DoctorsFightBack",0,3,0,0,0,0,0,0,0,0,0,0,0,"2969    2969
6429    6429
2599    2599
4304    4304
6446    6446
        ... 
951      951
6830    6830
236      236
1956    1956
515      515
Name: id, Length: 500, dtype: int64",not hate,0,0,0,0,0,0,0,0,0,0,0,0,0,0,0,0,0,0
69,"6000    6000
1797    1797
3192    3192
4178    4178
1383    1383
5926    5926
1998    1998
6641    6641
5042    5042
3026    3026
3240    3240
1936    1936
4830    4830
3757    3757
1424    1424
411      411
6056    6056
5298    5298
4187    4187
4052    4052
6478    6478
2650    2650
2574    2574
5229    5229
5216    5216
6942    6942
772      772
2359    2359
2336    2336
1849    1849
3074    3074
4555    4555
3727    3727
1231    1231
444      444
1115    1115
3265    3265
6545    6545
4334    4334
628      628
4253    4253
2820    2820
5071    5071
1654    1654
1706    1706
2990    2990
6040    6040
945      945
6491    6491
344      344
6139    6139
142      142
6381    6381
Name: id, dtype: int64","Aren't we overdoing this sense of Pride, Nationalism bit on #DhoniKeepsTheGlove. There are clear #ICC rules about logos etc. it's important to follow the rules rather than  flex muscles. We are playing the world cup not doing a military ops.",0,0,0,0,0,0,0,0,0,0,0,0,0,"2969    2969
6429    6429
2599    2599
4304    4304
6446    6446
        ... 
951      951
6830    6830
236      236
1956    1956
515      515
Name: id, Length: 500, dtype: int64",not hate,0,0,0,0,0,0,0,0,0,0,0,0,0,0,0,0,0,0
70,"6000    6000
1797    1797
3192    3192
4178    4178
1383    1383
5926    5926
1998    1998
6641    6641
5042    5042
3026    3026
3240    3240
1936    1936
4830    4830
3757    3757
1424    1424
411      411
6056    6056
5298    5298
4187    4187
4052    4052
6478    6478
2650    2650
2574    2574
5229    5229
5216    5216
6942    6942
772      772
2359    2359
2336    2336
1849    1849
3074    3074
4555    4555
3727    3727
1231    1231
444      444
1115    1115
3265    3265
6545    6545
4334    4334
628      628
4253    4253
2820    2820
5071    5071
1654    1654
1706    1706
2990    2990
6040    6040
945      945
6491    6491
344      344
6139    6139
142      142
6381    6381
Name: id, dtype: int64",#TrumpIsATraitor   #ImpeachTrumpNow   Have to agree that his undeserved Hollywood Star should bear the epithet TRAITOR for all to see for posterity https://t.co/LT8AEGYsw7,0,0,0,1,1,1,1,1,1,1,1,1,1,"2969    2969
6429    6429
2599    2599
4304    4304
6446    6446
        ... 
951      951
6830    6830
236      236
1956    1956
515      515
Name: id, Length: 500, dtype: int64",not hate,0,0,0,0,0,0,0,0,0,0,0,0,0,0,0,0,0,0
71,"6000    6000
1797    1797
3192    3192
4178    4178
1383    1383
5926    5926
1998    1998
6641    6641
5042    5042
3026    3026
3240    3240
1936    1936
4830    4830
3757    3757
1424    1424
411      411
6056    6056
5298    5298
4187    4187
4052    4052
6478    6478
2650    2650
2574    2574
5229    5229
5216    5216
6942    6942
772      772
2359    2359
2336    2336
1849    1849
3074    3074
4555    4555
3727    3727
1231    1231
444      444
1115    1115
3265    3265
6545    6545
4334    4334
628      628
4253    4253
2820    2820
5071    5071
1654    1654
1706    1706
2990    2990
6040    6040
945      945
6491    6491
344      344
6139    6139
142      142
6381    6381
Name: id, dtype: int64",Why people eagerly wait 4 years for the @cricketworldcup? To see the rain???? To see matches getting abandoned??? To see teams share a point each without even proper competition??? That's really #ShameOnICC. #CWC19,0,0,0,0,0,1,0,1,0,0,0,0,0,"2969    2969
6429    6429
2599    2599
4304    4304
6446    6446
        ... 
951      951
6830    6830
236      236
1956    1956
515      515
Name: id, Length: 500, dtype: int64",not hate,0,0,0,0,0,0,0,0,0,0,0,0,0,0,0,0,0,0
72,"6000    6000
1797    1797
3192    3192
4178    4178
1383    1383
5926    5926
1998    1998
6641    6641
5042    5042
3026    3026
3240    3240
1936    1936
4830    4830
3757    3757
1424    1424
411      411
6056    6056
5298    5298
4187    4187
4052    4052
6478    6478
2650    2650
2574    2574
5229    5229
5216    5216
6942    6942
772      772
2359    2359
2336    2336
1849    1849
3074    3074
4555    4555
3727    3727
1231    1231
444      444
1115    1115
3265    3265
6545    6545
4334    4334
628      628
4253    4253
2820    2820
5071    5071
1654    1654
1706    1706
2990    2990
6040    6040
945      945
6491    6491
344      344
6139    6139
142      142
6381    6381
Name: id, dtype: int64",I hope BJP remembers Constitution and death of so many children: @asadowaisi,0,0,0,0,1,0,0,0,0,1,3,1,0,"2969    2969
6429    6429
2599    2599
4304    4304
6446    6446
        ... 
951      951
6830    6830
236      236
1956    1956
515      515
Name: id, Length: 500, dtype: int64",not hate,0,0,0,0,0,0,0,0,0,0,0,0,0,0,0,0,0,0
73,"6000    6000
1797    1797
3192    3192
4178    4178
1383    1383
5926    5926
1998    1998
6641    6641
5042    5042
3026    3026
3240    3240
1936    1936
4830    4830
3757    3757
1424    1424
411      411
6056    6056
5298    5298
4187    4187
4052    4052
6478    6478
2650    2650
2574    2574
5229    5229
5216    5216
6942    6942
772      772
2359    2359
2336    2336
1849    1849
3074    3074
4555    4555
3727    3727
1231    1231
444      444
1115    1115
3265    3265
6545    6545
4334    4334
628      628
4253    4253
2820    2820
5071    5071
1654    1654
1706    1706
2990    2990
6040    6040
945      945
6491    6491
344      344
6139    6139
142      142
6381    6381
Name: id, dtype: int64",Rationalizing #treason    #IdiotOrange‚Ñ¢ #TrumpIsaTraitor #IMPEACH45    https://t.co/HCqoxdTzvv  https://t.co/YmHIVE86R8  https://t.co/QTsVuBHVgY  https://t.co/GXlNPdFHNO    @realDonaldTrump @VP @PressSec @SenateMajLdr @SenJeffMerkley @ChuckSchumer @SpeakerPelosi https://t.co/cusdGaUIru,0,0,3,1,0,0,0,0,0,1,1,1,1,"2969    2969
6429    6429
2599    2599
4304    4304
6446    6446
        ... 
951      951
6830    6830
236      236
1956    1956
515      515
Name: id, Length: 500, dtype: int64",not hate,0,0,0,0,0,0,0,0,0,0,0,0,0,0,0,0,0,0
74,"6000    6000
1797    1797
3192    3192
4178    4178
1383    1383
5926    5926
1998    1998
6641    6641
5042    5042
3026    3026
3240    3240
1936    1936
4830    4830
3757    3757
1424    1424
411      411
6056    6056
5298    5298
4187    4187
4052    4052
6478    6478
2650    2650
2574    2574
5229    5229
5216    5216
6942    6942
772      772
2359    2359
2336    2336
1849    1849
3074    3074
4555    4555
3727    3727
1231    1231
444      444
1115    1115
3265    3265
6545    6545
4334    4334
628      628
4253    4253
2820    2820
5071    5071
1654    1654
1706    1706
2990    2990
6040    6040
945      945
6491    6491
344      344
6139    6139
142      142
6381    6381
Name: id, dtype: int64",@realDonaldTrump is just a greasy piece of shit. The world is darker with him in it.     #Iran #TrumpIsATraitor #TrumpMustResign #TrumpsAnInternationalDisgrace #TrumpResign #TrumpTantrum #jailtrump #IndictTrump #ImpeachTrumpNow #ImpeachDonaldTrumpNOW #ImpeachTrump https://t.co/9RH8JL8g75,0,1,1,1,1,1,1,1,1,1,1,1,1,"2969    2969
6429    6429
2599    2599
4304    4304
6446    6446
        ... 
951      951
6830    6830
236      236
1956    1956
515      515
Name: id, Length: 500, dtype: int64",not hate,1,1,1,1,1,1,1,1,1,1,1,1,1,1,1,1,1,1
75,"6000    6000
1797    1797
3192    3192
4178    4178
1383    1383
5926    5926
1998    1998
6641    6641
5042    5042
3026    3026
3240    3240
1936    1936
4830    4830
3757    3757
1424    1424
411      411
6056    6056
5298    5298
4187    4187
4052    4052
6478    6478
2650    2650
2574    2574
5229    5229
5216    5216
6942    6942
772      772
2359    2359
2336    2336
1849    1849
3074    3074
4555    4555
3727    3727
1231    1231
444      444
1115    1115
3265    3265
6545    6545
4334    4334
628      628
4253    4253
2820    2820
5071    5071
1654    1654
1706    1706
2990    2990
6040    6040
945      945
6491    6491
344      344
6139    6139
142      142
6381    6381
Name: id, dtype: int64","The confusion created by the Right-Wing extremists, or otherwise known as Republicans, resulted in #Trump in the White House    Reinstate #CommonSense    #TrumpIsATraitor #CorruptGOP #GOPcorruptionandcruelty #GOPComplicitTraitors #Resisters #ResistersForum #ResistanceUnited #VoteBlue https://t.co/N0JRcXKaj4",0,0,0,0,3,1,3,3,0,1,1,1,1,"2969    2969
6429    6429
2599    2599
4304    4304
6446    6446
        ... 
951      951
6830    6830
236      236
1956    1956
515      515
Name: id, Length: 500, dtype: int64",not hate,0,0,0,0,0,0,0,0,0,0,0,0,0,0,0,0,0,0
76,"6000    6000
1797    1797
3192    3192
4178    4178
1383    1383
5926    5926
1998    1998
6641    6641
5042    5042
3026    3026
3240    3240
1936    1936
4830    4830
3757    3757
1424    1424
411      411
6056    6056
5298    5298
4187    4187
4052    4052
6478    6478
2650    2650
2574    2574
5229    5229
5216    5216
6942    6942
772      772
2359    2359
2336    2336
1849    1849
3074    3074
4555    4555
3727    3727
1231    1231
444      444
1115    1115
3265    3265
6545    6545
4334    4334
628      628
4253    4253
2820    2820
5071    5071
1654    1654
1706    1706
2990    2990
6040    6040
945      945
6491    6491
344      344
6139    6139
142      142
6381    6381
Name: id, dtype: int64",@csmay144k @realDonaldTrump @MarshaBlackburn God Bless a Real American üá∫üá∏üëçüèÜü•á#TrumpIsATraitor   #JohnMcCainDay https://t.co/8s7p070c3F,0,3,0,0,3,0,0,0,0,1,1,1,1,"2969    2969
6429    6429
2599    2599
4304    4304
6446    6446
        ... 
951      951
6830    6830
236      236
1956    1956
515      515
Name: id, Length: 500, dtype: int64",not hate,0,0,0,0,0,0,0,0,0,0,0,0,0,0,0,0,0,0
77,"6000    6000
1797    1797
3192    3192
4178    4178
1383    1383
5926    5926
1998    1998
6641    6641
5042    5042
3026    3026
3240    3240
1936    1936
4830    4830
3757    3757
1424    1424
411      411
6056    6056
5298    5298
4187    4187
4052    4052
6478    6478
2650    2650
2574    2574
5229    5229
5216    5216
6942    6942
772      772
2359    2359
2336    2336
1849    1849
3074    3074
4555    4555
3727    3727
1231    1231
444      444
1115    1115
3265    3265
6545    6545
4334    4334
628      628
4253    4253
2820    2820
5071    5071
1654    1654
1706    1706
2990    2990
6040    6040
945      945
6491    6491
344      344
6139    6139
142      142
6381    6381
Name: id, dtype: int64",@MelvinVogelsang @Derek_FacT @peoplespca @MaximeBernier @PrideSaskatoon Ah Nigel. Seem you really do represent the lgbt values well. üôÑ. Not once but twice. #douchebag https://t.co/tMnB2PPd8Z,1,1,3,1,1,1,1,1,1,1,1,1,1,"2969    2969
6429    6429
2599    2599
4304    4304
6446    6446
        ... 
951      951
6830    6830
236      236
1956    1956
515      515
Name: id, Length: 500, dtype: int64",hate,0,0,0,0,0,0,0,0,0,0,0,0,0,0,0,0,0,0
78,"6000    6000
1797    1797
3192    3192
4178    4178
1383    1383
5926    5926
1998    1998
6641    6641
5042    5042
3026    3026
3240    3240
1936    1936
4830    4830
3757    3757
1424    1424
411      411
6056    6056
5298    5298
4187    4187
4052    4052
6478    6478
2650    2650
2574    2574
5229    5229
5216    5216
6942    6942
772      772
2359    2359
2336    2336
1849    1849
3074    3074
4555    4555
3727    3727
1231    1231
444      444
1115    1115
3265    3265
6545    6545
4334    4334
628      628
4253    4253
2820    2820
5071    5071
1654    1654
1706    1706
2990    2990
6040    6040
945      945
6491    6491
344      344
6139    6139
142      142
6381    6381
Name: id, dtype: int64",@SenJohnKennedy Anyone who invites anyone else to attack America is a traitor. I think that‚Äôs fair. #TrumpIsATraitor  #JohnMCainDay,1,1,0,0,0,1,0,0,0,1,1,1,1,"2969    2969
6429    6429
2599    2599
4304    4304
6446    6446
        ... 
951      951
6830    6830
236      236
1956    1956
515      515
Name: id, Length: 500, dtype: int64",hate,0,0,0,0,0,0,0,0,0,0,0,0,0,0,0,0,0,0
79,"6000    6000
1797    1797
3192    3192
4178    4178
1383    1383
5926    5926
1998    1998
6641    6641
5042    5042
3026    3026
3240    3240
1936    1936
4830    4830
3757    3757
1424    1424
411      411
6056    6056
5298    5298
4187    4187
4052    4052
6478    6478
2650    2650
2574    2574
5229    5229
5216    5216
6942    6942
772      772
2359    2359
2336    2336
1849    1849
3074    3074
4555    4555
3727    3727
1231    1231
444      444
1115    1115
3265    3265
6545    6545
4334    4334
628      628
4253    4253
2820    2820
5071    5071
1654    1654
1706    1706
2990    2990
6040    6040
945      945
6491    6491
344      344
6139    6139
142      142
6381    6381
Name: id, dtype: int64",So why hasn‚Äôt it?  #FuckTrump #OrangeFoolius #BeBest #MAGA #AmericaFirst https://t.co/SwkgQAWyYR,0,3,3,0,1,0,1,3,1,1,1,1,1,"2969    2969
6429    6429
2599    2599
4304    4304
6446    6446
        ... 
951      951
6830    6830
236      236
1956    1956
515      515
Name: id, Length: 500, dtype: int64",not hate,0,0,0,1,1,1,1,1,1,1,1,1,1,1,1,1,1,1
80,"6000    6000
1797    1797
3192    3192
4178    4178
1383    1383
5926    5926
1998    1998
6641    6641
5042    5042
3026    3026
3240    3240
1936    1936
4830    4830
3757    3757
1424    1424
411      411
6056    6056
5298    5298
4187    4187
4052    4052
6478    6478
2650    2650
2574    2574
5229    5229
5216    5216
6942    6942
772      772
2359    2359
2336    2336
1849    1849
3074    3074
4555    4555
3727    3727
1231    1231
444      444
1115    1115
3265    3265
6545    6545
4334    4334
628      628
4253    4253
2820    2820
5071    5071
1654    1654
1706    1706
2990    2990
6040    6040
945      945
6491    6491
344      344
6139    6139
142      142
6381    6381
Name: id, dtype: int64",@nytimes Whoever brought the charges against him should themselves be brought up on charges. #HumanRights #FuckTrump,0,0,1,1,1,1,1,1,1,1,1,1,1,"2969    2969
6429    6429
2599    2599
4304    4304
6446    6446
        ... 
951      951
6830    6830
236      236
1956    1956
515      515
Name: id, Length: 500, dtype: int64",not hate,0,0,0,0,0,0,0,0,0,0,0,0,0,0,0,0,0,0
81,"6000    6000
1797    1797
3192    3192
4178    4178
1383    1383
5926    5926
1998    1998
6641    6641
5042    5042
3026    3026
3240    3240
1936    1936
4830    4830
3757    3757
1424    1424
411      411
6056    6056
5298    5298
4187    4187
4052    4052
6478    6478
2650    2650
2574    2574
5229    5229
5216    5216
6942    6942
772      772
2359    2359
2336    2336
1849    1849
3074    3074
4555    4555
3727    3727
1231    1231
444      444
1115    1115
3265    3265
6545    6545
4334    4334
628      628
4253    4253
2820    2820
5071    5071
1654    1654
1706    1706
2990    2990
6040    6040
945      945
6491    6491
344      344
6139    6139
142      142
6381    6381
Name: id, dtype: int64",@INCIndia We know who‚Äôs power hungry. We haven‚Äôt forgotten what this vile woman did to #PVNarasimhaRao and his legacy. #congressmuktbharat,0,1,0,0,0,0,0,1,1,1,1,1,1,"2969    2969
6429    6429
2599    2599
4304    4304
6446    6446
        ... 
951      951
6830    6830
236      236
1956    1956
515      515
Name: id, Length: 500, dtype: int64",not hate,0,0,0,0,0,0,0,0,0,0,0,0,0,0,0,0,0,0
82,"6000    6000
1797    1797
3192    3192
4178    4178
1383    1383
5926    5926
1998    1998
6641    6641
5042    5042
3026    3026
3240    3240
1936    1936
4830    4830
3757    3757
1424    1424
411      411
6056    6056
5298    5298
4187    4187
4052    4052
6478    6478
2650    2650
2574    2574
5229    5229
5216    5216
6942    6942
772      772
2359    2359
2336    2336
1849    1849
3074    3074
4555    4555
3727    3727
1231    1231
444      444
1115    1115
3265    3265
6545    6545
4334    4334
628      628
4253    4253
2820    2820
5071    5071
1654    1654
1706    1706
2990    2990
6040    6040
945      945
6491    6491
344      344
6139    6139
142      142
6381    6381
Name: id, dtype: int64",This is why i love this motherfucker...    Shuts people down easily    #ArabForPresident  #FuckTrump https://t.co/nnufeKXPPn,0,1,1,0,1,1,1,1,1,1,1,1,1,"2969    2969
6429    6429
2599    2599
4304    4304
6446    6446
        ... 
951      951
6830    6830
236      236
1956    1956
515      515
Name: id, Length: 500, dtype: int64",not hate,0,0,0,1,1,1,1,1,1,1,1,1,1,1,1,1,1,1
83,"6000    6000
1797    1797
3192    3192
4178    4178
1383    1383
5926    5926
1998    1998
6641    6641
5042    5042
3026    3026
3240    3240
1936    1936
4830    4830
3757    3757
1424    1424
411      411
6056    6056
5298    5298
4187    4187
4052    4052
6478    6478
2650    2650
2574    2574
5229    5229
5216    5216
6942    6942
772      772
2359    2359
2336    2336
1849    1849
3074    3074
4555    4555
3727    3727
1231    1231
444      444
1115    1115
3265    3265
6545    6545
4334    4334
628      628
4253    4253
2820    2820
5071    5071
1654    1654
1706    1706
2990    2990
6040    6040
945      945
6491    6491
344      344
6139    6139
142      142
6381    6381
Name: id, dtype: int64",@rajnathsingh ji are presstitutes authorised to belittle/disrespect the Officers &amp; their armed forces under the garb of journalism?     #DhoniKeepsTheGlove https://t.co/sCZM4G4Ntv,0,3,0,1,1,1,1,1,1,1,1,1,1,"2969    2969
6429    6429
2599    2599
4304    4304
6446    6446
        ... 
951      951
6830    6830
236      236
1956    1956
515      515
Name: id, Length: 500, dtype: int64",not hate,0,0,0,0,0,0,0,0,0,0,0,0,0,0,0,0,0,0
84,"6000    6000
1797    1797
3192    3192
4178    4178
1383    1383
5926    5926
1998    1998
6641    6641
5042    5042
3026    3026
3240    3240
1936    1936
4830    4830
3757    3757
1424    1424
411      411
6056    6056
5298    5298
4187    4187
4052    4052
6478    6478
2650    2650
2574    2574
5229    5229
5216    5216
6942    6942
772      772
2359    2359
2336    2336
1849    1849
3074    3074
4555    4555
3727    3727
1231    1231
444      444
1115    1115
3265    3265
6545    6545
4334    4334
628      628
4253    4253
2820    2820
5071    5071
1654    1654
1706    1706
2990    2990
6040    6040
945      945
6491    6491
344      344
6139    6139
142      142
6381    6381
Name: id, dtype: int64",Hindu: I don't want my food being delivered by a M in this month of the season.  #Zomato: Religion my ass. Food is religion.     Muslim: I will not accept non halal food.  Z: Forgive us your highness. We respect your religious sensibilities and will do as thy command #boycottzomato,0,1,1,1,1,1,1,1,1,1,1,1,1,"2969    2969
6429    6429
2599    2599
4304    4304
6446    6446
        ... 
951      951
6830    6830
236      236
1956    1956
515      515
Name: id, Length: 500, dtype: int64",not hate,0,0,0,0,0,0,0,0,0,0,0,0,0,0,0,0,0,0
85,"6000    6000
1797    1797
3192    3192
4178    4178
1383    1383
5926    5926
1998    1998
6641    6641
5042    5042
3026    3026
3240    3240
1936    1936
4830    4830
3757    3757
1424    1424
411      411
6056    6056
5298    5298
4187    4187
4052    4052
6478    6478
2650    2650
2574    2574
5229    5229
5216    5216
6942    6942
772      772
2359    2359
2336    2336
1849    1849
3074    3074
4555    4555
3727    3727
1231    1231
444      444
1115    1115
3265    3265
6545    6545
4334    4334
628      628
4253    4253
2820    2820
5071    5071
1654    1654
1706    1706
2990    2990
6040    6040
945      945
6491    6491
344      344
6139    6139
142      142
6381    6381
Name: id, dtype: int64",@realDonaldTrump You must be unaware that when old tattered flags are retired from service they are often burned in a respectful  ceremony.   Will this law make this illegal?  #Dotard   #TrumpIsADisgrace   #TrumpIsATraitor   #TrumpIsAFraud   #TrumpIsAMoron   #TrumpIsTheEnemyOfThePeople   #TRUMPISACROOK,1,1,0,1,1,0,1,3,0,1,1,1,1,"2969    2969
6429    6429
2599    2599
4304    4304
6446    6446
        ... 
951      951
6830    6830
236      236
1956    1956
515      515
Name: id, Length: 500, dtype: int64",hate,0,0,0,0,0,0,0,0,0,0,0,0,0,0,0,0,0,0
86,"6000    6000
1797    1797
3192    3192
4178    4178
1383    1383
5926    5926
1998    1998
6641    6641
5042    5042
3026    3026
3240    3240
1936    1936
4830    4830
3757    3757
1424    1424
411      411
6056    6056
5298    5298
4187    4187
4052    4052
6478    6478
2650    2650
2574    2574
5229    5229
5216    5216
6942    6942
772      772
2359    2359
2336    2336
1849    1849
3074    3074
4555    4555
3727    3727
1231    1231
444      444
1115    1115
3265    3265
6545    6545
4334    4334
628      628
4253    4253
2820    2820
5071    5071
1654    1654
1706    1706
2990    2990
6040    6040
945      945
6491    6491
344      344
6139    6139
142      142
6381    6381
Name: id, dtype: int64",@BetoORourke Hey Beto shut the front door Robert Francis O‚ÄôRourke  conMan #DoucheBag,0,0,1,1,1,1,1,1,1,1,1,1,1,"2969    2969
6429    6429
2599    2599
4304    4304
6446    6446
        ... 
951      951
6830    6830
236      236
1956    1956
515      515
Name: id, Length: 500, dtype: int64",not hate,0,0,0,0,0,0,0,0,0,0,0,0,0,0,0,0,0,0
87,"6000    6000
1797    1797
3192    3192
4178    4178
1383    1383
5926    5926
1998    1998
6641    6641
5042    5042
3026    3026
3240    3240
1936    1936
4830    4830
3757    3757
1424    1424
411      411
6056    6056
5298    5298
4187    4187
4052    4052
6478    6478
2650    2650
2574    2574
5229    5229
5216    5216
6942    6942
772      772
2359    2359
2336    2336
1849    1849
3074    3074
4555    4555
3727    3727
1231    1231
444      444
1115    1115
3265    3265
6545    6545
4334    4334
628      628
4253    4253
2820    2820
5071    5071
1654    1654
1706    1706
2990    2990
6040    6040
945      945
6491    6491
344      344
6139    6139
142      142
6381    6381
Name: id, dtype: int64",'England's rainy weather is putting a damper on cricket fans' moods ‚òîÔ∏è'  #ShameOnICC  #CWC19  https://t.co/qWugztWetW,1,0,0,3,0,0,0,0,0,0,0,0,0,"2969    2969
6429    6429
2599    2599
4304    4304
6446    6446
        ... 
951      951
6830    6830
236      236
1956    1956
515      515
Name: id, Length: 500, dtype: int64",hate,0,0,0,0,0,0,0,0,0,0,0,0,0,0,0,0,0,0
88,"6000    6000
1797    1797
3192    3192
4178    4178
1383    1383
5926    5926
1998    1998
6641    6641
5042    5042
3026    3026
3240    3240
1936    1936
4830    4830
3757    3757
1424    1424
411      411
6056    6056
5298    5298
4187    4187
4052    4052
6478    6478
2650    2650
2574    2574
5229    5229
5216    5216
6942    6942
772      772
2359    2359
2336    2336
1849    1849
3074    3074
4555    4555
3727    3727
1231    1231
444      444
1115    1115
3265    3265
6545    6545
4334    4334
628      628
4253    4253
2820    2820
5071    5071
1654    1654
1706    1706
2990    2990
6040    6040
945      945
6491    6491
344      344
6139    6139
142      142
6381    6381
Name: id, dtype: int64","Now mamata didi cancels her meeting with the striking doctors. Shows het immaturity. She dreams of becoming the leader of India, but she is no statesman. She had egoistical mind, acts childish and behaves as a tyrant.  #DoctorsFightBack #DoctorsProtest",1,0,0,1,1,0,1,1,1,1,1,1,1,"2969    2969
6429    6429
2599    2599
4304    4304
6446    6446
        ... 
951      951
6830    6830
236      236
1956    1956
515      515
Name: id, Length: 500, dtype: int64",hate,0,0,0,0,0,0,0,0,0,0,0,0,0,0,0,0,0,0
89,"6000    6000
1797    1797
3192    3192
4178    4178
1383    1383
5926    5926
1998    1998
6641    6641
5042    5042
3026    3026
3240    3240
1936    1936
4830    4830
3757    3757
1424    1424
411      411
6056    6056
5298    5298
4187    4187
4052    4052
6478    6478
2650    2650
2574    2574
5229    5229
5216    5216
6942    6942
772      772
2359    2359
2336    2336
1849    1849
3074    3074
4555    4555
3727    3727
1231    1231
444      444
1115    1115
3265    3265
6545    6545
4334    4334
628      628
4253    4253
2820    2820
5071    5071
1654    1654
1706    1706
2990    2990
6040    6040
945      945
6491    6491
344      344
6139    6139
142      142
6381    6381
Name: id, dtype: int64",@thehill The Acting Defense Secretary acting like he knows what he's talking about. #TrumpIsATraitor #TrumpLiesEveryTimeHeSpeaks #trumpswamp #WagTheDog,1,0,3,1,0,0,0,0,0,1,1,1,3,"2969    2969
6429    6429
2599    2599
4304    4304
6446    6446
        ... 
951      951
6830    6830
236      236
1956    1956
515      515
Name: id, Length: 500, dtype: int64",hate,0,0,0,0,0,0,0,0,0,0,0,0,0,0,0,0,0,0
90,"6000    6000
1797    1797
3192    3192
4178    4178
1383    1383
5926    5926
1998    1998
6641    6641
5042    5042
3026    3026
3240    3240
1936    1936
4830    4830
3757    3757
1424    1424
411      411
6056    6056
5298    5298
4187    4187
4052    4052
6478    6478
2650    2650
2574    2574
5229    5229
5216    5216
6942    6942
772      772
2359    2359
2336    2336
1849    1849
3074    3074
4555    4555
3727    3727
1231    1231
444      444
1115    1115
3265    3265
6545    6545
4334    4334
628      628
4253    4253
2820    2820
5071    5071
1654    1654
1706    1706
2990    2990
6040    6040
945      945
6491    6491
344      344
6139    6139
142      142
6381    6381
Name: id, dtype: int64",India's bowling now..and every lunatic's eyes will be on Dhoni's gloves...Damn..#BalidanBadge insignia or not..who dafaq cares!!??#ICCWorldCup2019 #INDvAUS .. seriously..who cares if #DhoniKeepsTheGlove !?,0,0,0,1,1,1,1,0,1,1,1,1,1,"2969    2969
6429    6429
2599    2599
4304    4304
6446    6446
        ... 
951      951
6830    6830
236      236
1956    1956
515      515
Name: id, Length: 500, dtype: int64",not hate,0,0,0,0,0,0,0,0,0,0,0,0,0,0,0,0,0,0
91,"6000    6000
1797    1797
3192    3192
4178    4178
1383    1383
5926    5926
1998    1998
6641    6641
5042    5042
3026    3026
3240    3240
1936    1936
4830    4830
3757    3757
1424    1424
411      411
6056    6056
5298    5298
4187    4187
4052    4052
6478    6478
2650    2650
2574    2574
5229    5229
5216    5216
6942    6942
772      772
2359    2359
2336    2336
1849    1849
3074    3074
4555    4555
3727    3727
1231    1231
444      444
1115    1115
3265    3265
6545    6545
4334    4334
628      628
4253    4253
2820    2820
5071    5071
1654    1654
1706    1706
2990    2990
6040    6040
945      945
6491    6491
344      344
6139    6139
142      142
6381    6381
Name: id, dtype: int64",Here is Yoga for Women... Read more...  Remain Young and Fit with Yoga and know more benefits.    #WorldBloodDonorDay #ShameOnICC #SaveBengal #FridayFeeling  #SCOSummit2019 #MenInBlackReview #TheUnmissableMeeting  #doctorsstrike #ENGvWI https://t.co/xdvyFE5fYj,0,3,0,0,0,0,0,0,0,0,0,0,0,"2969    2969
6429    6429
2599    2599
4304    4304
6446    6446
        ... 
951      951
6830    6830
236      236
1956    1956
515      515
Name: id, Length: 500, dtype: int64",not hate,0,0,0,0,0,0,0,0,0,0,0,0,0,0,0,0,0,0
92,"6000    6000
1797    1797
3192    3192
4178    4178
1383    1383
5926    5926
1998    1998
6641    6641
5042    5042
3026    3026
3240    3240
1936    1936
4830    4830
3757    3757
1424    1424
411      411
6056    6056
5298    5298
4187    4187
4052    4052
6478    6478
2650    2650
2574    2574
5229    5229
5216    5216
6942    6942
772      772
2359    2359
2336    2336
1849    1849
3074    3074
4555    4555
3727    3727
1231    1231
444      444
1115    1115
3265    3265
6545    6545
4334    4334
628      628
4253    4253
2820    2820
5071    5071
1654    1654
1706    1706
2990    2990
6040    6040
945      945
6491    6491
344      344
6139    6139
142      142
6381    6381
Name: id, dtype: int64",#PakMoksAbhi in a as in d build up to d #IndvsPak match on 16th. We take strong objection to it @KirenRijiju pls do something don't expect anything from @BCCI we saw d #DhoniKeepsTheGlove issue left us red-faced,1,0,0,0,1,3,3,0,0,1,1,1,1,"2969    2969
6429    6429
2599    2599
4304    4304
6446    6446
        ... 
951      951
6830    6830
236      236
1956    1956
515      515
Name: id, Length: 500, dtype: int64",hate,0,0,0,0,0,0,0,0,0,0,0,0,0,0,0,0,0,0
93,"6000    6000
1797    1797
3192    3192
4178    4178
1383    1383
5926    5926
1998    1998
6641    6641
5042    5042
3026    3026
3240    3240
1936    1936
4830    4830
3757    3757
1424    1424
411      411
6056    6056
5298    5298
4187    4187
4052    4052
6478    6478
2650    2650
2574    2574
5229    5229
5216    5216
6942    6942
772      772
2359    2359
2336    2336
1849    1849
3074    3074
4555    4555
3727    3727
1231    1231
444      444
1115    1115
3265    3265
6545    6545
4334    4334
628      628
4253    4253
2820    2820
5071    5071
1654    1654
1706    1706
2990    2990
6040    6040
945      945
6491    6491
344      344
6139    6139
142      142
6381    6381
Name: id, dtype: int64",Someone need specific then what is problem why zomato not done its better not make issue talk to amit shukla and every Hindu is not stand on meet shop dear others user so don't write this word halal or chicken,0,3,0,1,3,0,0,0,0,3,3,0,1,"2969    2969
6429    6429
2599    2599
4304    4304
6446    6446
        ... 
951      951
6830    6830
236      236
1956    1956
515      515
Name: id, Length: 500, dtype: int64",not hate,0,0,0,0,0,0,0,0,0,0,0,0,0,0,0,0,0,0
94,"6000    6000
1797    1797
3192    3192
4178    4178
1383    1383
5926    5926
1998    1998
6641    6641
5042    5042
3026    3026
3240    3240
1936    1936
4830    4830
3757    3757
1424    1424
411      411
6056    6056
5298    5298
4187    4187
4052    4052
6478    6478
2650    2650
2574    2574
5229    5229
5216    5216
6942    6942
772      772
2359    2359
2336    2336
1849    1849
3074    3074
4555    4555
3727    3727
1231    1231
444      444
1115    1115
3265    3265
6545    6545
4334    4334
628      628
4253    4253
2820    2820
5071    5071
1654    1654
1706    1706
2990    2990
6040    6040
945      945
6491    6491
344      344
6139    6139
142      142
6381    6381
Name: id, dtype: int64",#Alabama did nothing about the #Rapist.    The #Court is ordering the #Victim  to allow #VisitationRights or she goes to #Jail.    #Rapists who created the children gets nothing.    #Vicitim parent‚Äîforced to bare them‚Äîgoes to jail.    #Alabama enforces #ShariaLaw.    https://t.co/g98G1OEq8l,0,3,3,1,1,1,1,1,1,1,1,1,1,"2969    2969
6429    6429
2599    2599
4304    4304
6446    6446
        ... 
951      951
6830    6830
236      236
1956    1956
515      515
Name: id, Length: 500, dtype: int64",not hate,0,0,0,0,0,0,0,0,0,0,0,0,0,0,0,0,0,0
95,"6000    6000
1797    1797
3192    3192
4178    4178
1383    1383
5926    5926
1998    1998
6641    6641
5042    5042
3026    3026
3240    3240
1936    1936
4830    4830
3757    3757
1424    1424
411      411
6056    6056
5298    5298
4187    4187
4052    4052
6478    6478
2650    2650
2574    2574
5229    5229
5216    5216
6942    6942
772      772
2359    2359
2336    2336
1849    1849
3074    3074
4555    4555
3727    3727
1231    1231
444      444
1115    1115
3265    3265
6545    6545
4334    4334
628      628
4253    4253
2820    2820
5071    5071
1654    1654
1706    1706
2990    2990
6040    6040
945      945
6491    6491
344      344
6139    6139
142      142
6381    6381
Name: id, dtype: int64",Woh toh zomato ko bhiksha de Raha tha,0,0,0,0,3,0,0,0,0,1,0,0,0,"2969    2969
6429    6429
2599    2599
4304    4304
6446    6446
        ... 
951      951
6830    6830
236      236
1956    1956
515      515
Name: id, Length: 500, dtype: int64",not hate,0,0,0,0,0,0,0,0,0,0,0,0,0,0,0,0,0,0
96,"6000    6000
1797    1797
3192    3192
4178    4178
1383    1383
5926    5926
1998    1998
6641    6641
5042    5042
3026    3026
3240    3240
1936    1936
4830    4830
3757    3757
1424    1424
411      411
6056    6056
5298    5298
4187    4187
4052    4052
6478    6478
2650    2650
2574    2574
5229    5229
5216    5216
6942    6942
772      772
2359    2359
2336    2336
1849    1849
3074    3074
4555    4555
3727    3727
1231    1231
444      444
1115    1115
3265    3265
6545    6545
4334    4334
628      628
4253    4253
2820    2820
5071    5071
1654    1654
1706    1706
2990    2990
6040    6040
945      945
6491    6491
344      344
6139    6139
142      142
6381    6381
Name: id, dtype: int64",#ShameOnICC there is no rain in england matches why?,0,0,3,0,0,1,1,0,3,1,1,1,1,"2969    2969
6429    6429
2599    2599
4304    4304
6446    6446
        ... 
951      951
6830    6830
236      236
1956    1956
515      515
Name: id, Length: 500, dtype: int64",not hate,0,0,0,0,0,0,0,0,0,0,0,0,0,0,0,0,0,0
97,"6000    6000
1797    1797
3192    3192
4178    4178
1383    1383
5926    5926
1998    1998
6641    6641
5042    5042
3026    3026
3240    3240
1936    1936
4830    4830
3757    3757
1424    1424
411      411
6056    6056
5298    5298
4187    4187
4052    4052
6478    6478
2650    2650
2574    2574
5229    5229
5216    5216
6942    6942
772      772
2359    2359
2336    2336
1849    1849
3074    3074
4555    4555
3727    3727
1231    1231
444      444
1115    1115
3265    3265
6545    6545
4334    4334
628      628
4253    4253
2820    2820
5071    5071
1654    1654
1706    1706
2990    2990
6040    6040
945      945
6491    6491
344      344
6139    6139
142      142
6381    6381
Name: id, dtype: int64","@realDonaldTrump Detroit mayor tells truth. Trump hasn t been back since elected ( stealing the election with help from Russia ) .. big mouth trump has not followed thru on much , though we wants credit for all. #fucktrump #conman #beattrump2020",0,1,3,1,1,1,1,1,1,1,1,1,1,"2969    2969
6429    6429
2599    2599
4304    4304
6446    6446
        ... 
951      951
6830    6830
236      236
1956    1956
515      515
Name: id, Length: 500, dtype: int64",not hate,0,0,0,0,0,0,0,0,0,0,0,0,1,1,1,1,1,1
98,"6000    6000
1797    1797
3192    3192
4178    4178
1383    1383
5926    5926
1998    1998
6641    6641
5042    5042
3026    3026
3240    3240
1936    1936
4830    4830
3757    3757
1424    1424
411      411
6056    6056
5298    5298
4187    4187
4052    4052
6478    6478
2650    2650
2574    2574
5229    5229
5216    5216
6942    6942
772      772
2359    2359
2336    2336
1849    1849
3074    3074
4555    4555
3727    3727
1231    1231
444      444
1115    1115
3265    3265
6545    6545
4334    4334
628      628
4253    4253
2820    2820
5071    5071
1654    1654
1706    1706
2990    2990
6040    6040
945      945
6491    6491
344      344
6139    6139
142      142
6381    6381
Name: id, dtype: int64","Oh Emma , Its not a competition also you already lost #FuckTrump https://t.co/D2EInMUiws",0,0,3,0,0,0,0,1,1,1,1,1,1,"2969    2969
6429    6429
2599    2599
4304    4304
6446    6446
        ... 
951      951
6830    6830
236      236
1956    1956
515      515
Name: id, Length: 500, dtype: int64",not hate,0,0,0,0,0,0,0,0,0,0,0,0,0,0,0,0,0,0
