,id,text,og_svm,mcad_svm,chatgpt_svm,flan_svm
0,2969,Oh look....    #WheresBoris   #BorisJohnsonShouldNotBePM https://t.co/d032PBnY3i,1,1,1,1
1,6429,"America is the only country in history to fight a war to end slavery. Democrats won‚Äôt fight the predominantly black, Muslim run countries that continue slavery today. Nor do they care about kids made sex slaves by the drug cartels.  Democrats are dog .",0,0,1,0
2,2599,@AaronBlake There's no lost in translation when this #douchebag speaks!!! #sad #dipshit,1,1,0,0
3,4304,These are the same government doctors who have resigned from their post!    P. S : this is not some private chamber or nursing home.. These are government hospitals  #resignedbutstillservinghumanity   #DoctorsFightBack #Savethedoctors @republic @timesofindia @sambitswaraj https://t.co/1pqcT3FYAI,1,1,1,1
4,6446,"Ah, you‚Äôre racist and anti-Semitic. That explains it.",1,1,1,1
5,4500,When you tell your mom you got into a political altercation with her lifelong friend and had to unfriend them.  My mom is #ShadyAF  #DontMessWithHerGirls  #MyMomRocks  #MyMom  #FuckTrump https://t.co/G5hpTMI37n,1,1,1,1
6,4359,@realDonaldTrump That's right.  You're #1!!     #1 #Instigator   #1 #Asswipe  #1 #Bully  #1 #Cheater  #1 #Thief  #1 #Clown  #1 #Douchebag  #1 #Liar  .........and #1 most #BankruptedUSCompany,1,1,1,1
7,2126,Even John Barron &amp; John Miller call BS. #douchebag #POTUS https://t.co/lPm7UGG52W,1,1,1,1
8,682,"#NewIndia ‡§Æ‡•á‡§Ç ‡§ï‡§Æ‡§ú‡•ã‡§∞ @BCCI ‡§Æ‡§Ç‡§ú‡•Å‡§∞ ‡§®‡§π‡•Ä‡§Ç. @narendramodi  sir, please do something ??? It‚Äôs matter of Indian pride #BalidaanBadge #DhoniKeepsTheGlove @PMOIndia @GautamGambhir @AmitShah @KirenRijiju",0,1,0,0
9,2956,#HappyBirthdayMrPresident I mean FAUX KING @POTUS   @realDonaldTrump #ImbecileIsHome #Dotard #fucktrump https://t.co/qQmUPjUymt,1,1,1,1
10,4518,This gay couple‚Äôs neighbor has torched their car &amp; tried to shoot them. Police won‚Äôt help them. #Resist #ResistTrump #FuckTrump https://t.co/LQQaKDVrYe,0,1,0,0
11,6075,National Cathedral Leaders Humiliate Trump By Condemning His Racism #Resist #ResistTrump #FuckTrump ,1,1,1,1
12,3440,"If4England #Ashes is more Important than #WorldCup2019,Then No More  @ICC Games will be played in England? Is England still looksUganda as d facilities seems! #ShameOnICC Cheating dFans!Surprisingly, No Eng,Aus WashOut sofar? Unfair Advantage, still Gentlemans Game",1,1,0,1
13,1239,"The replies to this tweet illustrate the difference between Facebook and twitter in Tennessee. üòÉüòÉüòÉ also, #FuckTrump. https://t.co/s1TtVX2nyR",1,1,1,1
14,834,"@The_Trump_Train @realDonaldTrump Try again, #bot  #MAGA2020 #FUCKINGTRAITORS #TrumpSupportersAreFuckingMorons #TrumpIsATraitor #TrumpSupportersAreTraitors #TrumpsAnInternationalDisgrace #TrumpRussia #FuckTrump #LockThemAllUp #MAGAS are an embarrassment to this country. https://t.co/VJNw7FueQd",1,1,1,1
15,1051,Official press release of #SaveTheSaviours movement. These are the demands for resuming all duties.     #DoctorsFightBack #Savethedoctors #SaveTheSaviours https://t.co/2XC4BjnnRI,1,1,1,1
16,3162,Doctors wearing black badge protest at MGM Medical College and Hospital in Jamshedpur for #WestBengal issue  #DoctorsFightBack,1,1,1,0
17,2627,"@MattHancock - ‚ÄúMY job first, MY party second, MY country third‚Äù  - #thatsall #nothingtoseehere #nointegrity #BREXIT #matthancock #leadershipdebate #leadershiphustings #BorisJohnsonShouldNotBePM #boristrump",1,1,1,1
18,1428,"Trump told the American people he had nothing to do w Russia, all while negotiating a major real estate deal in Moscow that would've req'd the support of Putin &amp; lifting of U.S. sanctions against Russia. Now, the investigation is over &amp; Trump blatantly admitted to it.  #FuckTrump",1,1,1,1
19,6074,Wow u jumped in as joker...do u think u can dictate things. If u want to be real secular then stop writing Halala on food and then say 'food has no religion'..  Don't push ur world view on all of us,1,0,0,1
20,5112,I would like to un-welcome @_REALOJ32 to twitter and since I‚Äôve already #InstaBlocked him.  Please reply to all his tweets with #Murderer,0,1,0,0
21,1534,#BorisJohnson isn't daft- he wasn't on #C4Debate and he didn't attend the Q&amp;A because no-one involved in either of those has any say in the vote... He thinks he's already won #BorisJohnsonShouldNotBePM https://t.co/HOGq9wz56I,0,1,1,1
22,1778,Hi Dear @ICC Mumbai too is ready for your kind of #WorldCup2019   Just FYI     #CWC19 #CricketKaCrown #WashoutWorldCup #ShameOnICC https://t.co/vRSWvj1ENL,1,1,1,1
23,958,Doctors at #Cuttack district headquarters hospital wear black badges to express solidarity with their counterparts protesting violence against some junior doctors in West Bengal #DoctorsFightBack #DoctorsStrike https://t.co/EX35msTNVJ,1,1,1,1
24,3059,"I have no doubt my mental well being has been affected by what my country is turning into. It makes me sick. I had no idea how many stupid, racist evil people live in this country. #fucktrump",1,1,1,1
25,6366,No it isn't and no you don't you lying swine. You are a self serving buffoon and you're here to suck up to your fellow corrupt 'politicians' in the DUP until you're in a position to throw them under a bus.,0,1,0,0
26,387,"#Rangzen people, #watchout for this fake activist from sabotaging our #FreeTibet movement.     #Tibetans #humanrights #BoycottChina #Dharamsala #March10 #Tibetan #DalaiLama #TibetCause https://t.co/lbwCJDmVYN",0,1,1,0
27,6310,I think it's due to folk not understanding the history or even knowing N.I.,1,1,0,0
28,1982,@maydaymindy9 @melpriceHB Definitely not alone!! I want my normal life back!! Want to stress about normal shit not this stuff. Im drained but still resisting!! #HappyJohnMcCainDay2019 #FuckTrump,1,0,0,0
29,1565,@ICC @bcci @msdhoni #DhoniKeepsTheGlove     If u can allow namaz on ground    If u allow save gaza band    If u allow salute on ground    Then whats wrong in balidaan badge    R u a fool icc or its clear u hv double standard u r not keeping ur words    World doesn't need icc,0,1,0,0
30,4483,Boris Johnson on Gordon Brown becoming Prime Minister     This mans HYPOCRISY is unbelievable     #borisjohnsonisaclown #BorisJohnsonShouldNotBePM   #FBPE https://t.co/PDx83vd7uz,1,1,1,1
31,5686,@petertimmins3 I don't think it's a case of him not daring to appear but of his minders knowing what a risk it is every time he opens his mouth. Who will control him if he becomes PM? #BorisJohnsonShouldNotBePM,1,1,1,0
32,4158,"What a shameful @ICC @cricketworldcup .  You dont have any problem with the logo‚Äôs of drinks, tobacco , cold drinks , Whichever is injurious to health but an INDIAN Balidan badge is a problem for u... Strange isn‚Äôt it ? #DhoniKeepsTheGlove #DhoniKeSaathDesh @BCCI @msdhoni",0,1,1,0
33,2801,"@Allegedly_G We shall call it the #Impeachment Gala and celibrate for 96 hours, from #TraitorTuesday to #FuckTrump Friday, with huge parades from sea to shining sea. https://t.co/o7iiO78sVx",1,1,0,0
34,3982,@9NEWS Of course @HillaryClinton would support a Woman on her Knees!     That‚Äôs the only way @BillClinton will likes them!     #Clinton #DemocratsAreCorrupt #monica #cigars #clintoncrime #haiti #bleachbit #benghazi #rapist #Fakefeminist #groperinchief #imwithHer #pridemonth,0,1,0,0
35,5057,Oh shit! It's been a while.  I forgot Twitter was a thing!   (Said Trump never)  #potus #trump #you #dickhead,1,1,1,1
36,5903,At least they told both of you to basically fuck off ,1,1,1,1
37,3310,@NegarMortazavi @csdickey ‚ÄùAt the end of the day they (wars) are about little girls in fiberboard coffins.‚Äù #FuckTrump and US foreign policies. It‚Äôs all about others little girls in coffins.,0,0,0,0
38,66,"Sarah Sanders is floating the idea of running for Arkansas governor, sources say #Resist #ResistTrump #FuckTrump https://t.co/L78qmZDJWu",1,1,0,1
39,5189,"So #Individual1 keeps praising #KimJongUn, a #criminal #murderer #dictator as somebody with great leadership who just wrote him a 'beautiful letter' WTF!",0,1,0,0
40,2176,#Sachin Tandolker : a Biography || #ParallelMedia | https://t.co/UHegopogBS via @YouTube  #IndiaWithDhoni  #WWESSD  #DhoniKeSaathDesh  #DhoniKeepsTheGlove  #BharatRoarsOnDay3  #Kundru  #BIGDAYSGAZEONTANHAJI  #KNACKDHANUSHBIRTHDAYIN50D   #Thiem  #SaketKumar,1,1,1,1
41,5948,One of my class mate was.... I didn't doubt on their loyalty... But i am against the basic consept & foreign involvement in their religion  It is just to disgrace islam,0,0,0,0
42,2451,"Except for a reversal on position of DACA, except Trump's properties are among the employers taking advantage of illegal immigrants, except Trump lowered the number of refugees the US will accept.  But, yeah, pretty much the same.",0,1,0,1
43,3445,The #douchebag of social media has greatly struck #again! https://t.co/zGlM9sNMKY,1,1,1,1
44,5945,"West Bengal: State Health Department bus carrying representatives of doctors scheduled to meet CM Mamata Banerjee in Nabanna, today. ",1,1,1,1
45,6233,Mr Johnson Don‚Äôt forget about us across the Pond . PM Modi is looking forward to working with you . Brexit will bring a new era of Deep cooperation between India and Great Britain. ,1,1,0,1
46,3810,"Kid on a bike cycling down the road towards me, decides to try show off by taking his cap off, twirling it and catching it. Only he dropped it and fell off his bike a foot away from me.    #Dickhead.",1,1,1,1
47,6000,"@hd_kumaraswamy @RahulGandhi @ArvindKejriwal @trspartyonline @SitaramYechury @MamataBanerji Unfortunate political devpt in India Dissolve all parties including INC. HDD, Sonia, 2Sharadjis, Mamata, Mayavati, Abhishek, Stalin, TRS, Jagmohan, Faruk& Chandrbabu take lead &save India.",1,1,0,1
48,1797,"Bhakts are hilarious!  They think Twitter Trends are going to change the weather, the ICC and literally anyone else apart from people who share their shitty ideology.   #ShameOnICC my ass ü§£ü§£ü§£",1,1,1,0
49,3192,He is already starting this talk. We need to act now before we have no choice! #TrumpIsATraitor #LockHimUp #TrumpIsTheEnemyOfThePeople https://t.co/XI2WvVKtr5,1,0,0,0
50,4178,Pic 1- icc on Ms Dhoni gloves.  Vs   Pic 2- icc planning world cup.  #ShameOnICC https://t.co/3mM6QjwpNN https://t.co/pAuS8ic6uX,1,1,1,1
51,1383,@billmaher  continues to try sooooo hard to remain relevant. #MSM is the only one who cares #LowRatings #LowIQ #DrugAddict #SexFiend #DoucheBag,1,1,1,1
52,5926,No Muslim MP of both houses favoured Teen Talaq bill. Teen Talaq stopped scope of call to these MP's and all opposing MP from Mulla Maulvi Imam to perform HALALA. Now they do additional sex with ladies of his own house's. @ghulamnazad @OmarAbdullah @salman7khurshid @ahmedpatel,0,0,0,0
53,1998,"Good morning @RealDonaldtRUMP, have a nice sleep you fucking bitch? #maga #FOXNews #FuckTrump @GOP #WednesdayWisdom https://t.co/5L5mWnTlzv",1,1,1,1
54,6641,This is called group halala....Islam permits this...so stop cribbing and pointing fingers. Islam is a peaceful religion and the Muslims are a afraid group.,0,0,0,0
55,5042,@ICC please focus on umpiring rather than what a player should wear #DhoniKeepsTheGlove,1,1,0,1
56,3026,Hey everybody I just released a new single entitled ‚ÄúFor The People‚Äù if you could take a few minutes out of your day and give it a listen and share it if you like it I would greatly greatly appreciate it #punkrock #politicalpunk #NewMusic #fucktrump https://t.co/Kx8EvolZmQ,0,1,0,0
57,3240,Becaaauuusssse ... thinks to self *I'm lying right now* #TrumpIsATraitor #TrumpRussia https://t.co/H1OJgA0Mr2,0,1,1,0
58,1936,"My god, such a loser. #fucktrump https://t.co/VOaMDvuamA",1,1,1,1
59,4830,"#IndiaVsPakistan is a one sided affair all the time.   The hype gets created by #TerroristNationPakistan   The fact is, #PakistanCricket, #PakistanArmy or #PakistanEconomy is no match for #India   #IndianCricketTeam proved it today.   #FathersDay slap from a real father!!  #INDvPAK",0,1,1,0
60,3757,Saying @Conservatives are England team - they may play for different clubs but they come together for England say @michaelgove. Only problem with that analogy is that @BorisJohnson refuses to attend training+expects to be made captain. #Eton privilege? #BorisJohnsonShouldNotBePM https://t.co/4NySvWv5hP,0,1,0,0
61,1424,@realDonaldTrump Well HAPPY FU‚Ç¨KING BDAY TO YOU A$$HOLE....MAY IT BE YOUR LASTüôèüôèüôèüôèüôè #TrumpIsATraitor #TrumpMustResign #TrumpsAnInternationalDisgrace #TrumpResignNow #DumpTrump #TrumpsBirthday is his lastüôè,1,1,0,1
62,411,@ICC @BCBtigers can repeat the history. Its Difficult to beat @englandcricket in their own soil.  All the best to both team.  It will be great fight.  #DhoniKeepTheGlove   #DhoniKeepsTheGlove,0,0,0,0
63,6056,TM taught us to include the year. #Brexit by 31 Oct 2019.,0,1,0,1
64,5298,Where is icc are you fully blind @ICC @cricketworldcup #ICCWorldCup2019 #DhoniKeepsTheGlove #pkmkb https://t.co/RFnDnzpSLg,1,1,1,1
65,4187,@Wimbledon and @icc should have some sort of communication 2019 will have two final on same day #July14. How can someone be so wrong on planning such an important event #WC2019 #ShameOnICC #ICCWorldCup2019  pathetic planning https://t.co/M2KmJZIiE3,1,1,1,1
66,4052,#ShameOnICC what a bunch of useless people working for @ICC. The whole frenzy of World Cup is ruined. Who elect these suckers,1,1,1,1
67,6478,but can buy raw meat from muslim shop.,1,1,1,1
68,2650,"Doctors studded almost half of thire life just become a worthy of that WHITE COAT &amp; they have invested a lot of money and time for that. They too have life, they too have families, they are also a human being. They just want respect and safety.   #Savethedoctors #DoctorsFightBack",0,0,0,0
69,2574,"Aren't we overdoing this sense of Pride, Nationalism bit on #DhoniKeepsTheGlove. There are clear #ICC rules about logos etc. it's important to follow the rules rather than  flex muscles. We are playing the world cup not doing a military ops.",1,1,0,0
70,5229,#TrumpIsATraitor   #ImpeachTrumpNow   Have to agree that his undeserved Hollywood Star should bear the epithet TRAITOR for all to see for posterity https://t.co/LT8AEGYsw7,1,1,1,0
71,5216,Why people eagerly wait 4 years for the @cricketworldcup? To see the rain???? To see matches getting abandoned??? To see teams share a point each without even proper competition??? That's really #ShameOnICC. #CWC19,1,1,0,1
72,6942,I hope BJP remembers Constitution and death of so many children: @asadowaisi,1,1,1,1
73,772,Rationalizing #treason    #IdiotOrange‚Ñ¢ #TrumpIsaTraitor #IMPEACH45    https://t.co/HCqoxdTzvv  https://t.co/YmHIVE86R8  https://t.co/QTsVuBHVgY  https://t.co/GXlNPdFHNO    @realDonaldTrump @VP @PressSec @SenateMajLdr @SenJeffMerkley @ChuckSchumer @SpeakerPelosi https://t.co/cusdGaUIru,1,1,1,1
74,2359,@realDonaldTrump is just a greasy piece of shit. The world is darker with him in it.     #Iran #TrumpIsATraitor #TrumpMustResign #TrumpsAnInternationalDisgrace #TrumpResign #TrumpTantrum #jailtrump #IndictTrump #ImpeachTrumpNow #ImpeachDonaldTrumpNOW #ImpeachTrump https://t.co/9RH8JL8g75,1,1,1,1
75,2336,"The confusion created by the Right-Wing extremists, or otherwise known as Republicans, resulted in #Trump in the White House    Reinstate #CommonSense    #TrumpIsATraitor #CorruptGOP #GOPcorruptionandcruelty #GOPComplicitTraitors #Resisters #ResistersForum #ResistanceUnited #VoteBlue https://t.co/N0JRcXKaj4",1,1,1,1
76,1849,@csmay144k @realDonaldTrump @MarshaBlackburn God Bless a Real American üá∫üá∏üëçüèÜü•á#TrumpIsATraitor   #JohnMcCainDay https://t.co/8s7p070c3F,1,1,1,1
77,3074,@MelvinVogelsang @Derek_FacT @peoplespca @MaximeBernier @PrideSaskatoon Ah Nigel. Seem you really do represent the lgbt values well. üôÑ. Not once but twice. #douchebag https://t.co/tMnB2PPd8Z,1,1,0,1
78,4555,@SenJohnKennedy Anyone who invites anyone else to attack America is a traitor. I think that‚Äôs fair. #TrumpIsATraitor  #JohnMCainDay,1,0,0,1
79,3727,So why hasn‚Äôt it?  #FuckTrump #OrangeFoolius #BeBest #MAGA #AmericaFirst https://t.co/SwkgQAWyYR,1,1,1,1
80,1231,@nytimes Whoever brought the charges against him should themselves be brought up on charges. #HumanRights #FuckTrump,1,1,1,1
81,444,@INCIndia We know who‚Äôs power hungry. We haven‚Äôt forgotten what this vile woman did to #PVNarasimhaRao and his legacy. #congressmuktbharat,1,1,1,0
82,1115,This is why i love this motherfucker...    Shuts people down easily    #ArabForPresident  #FuckTrump https://t.co/nnufeKXPPn,1,1,1,1
83,3265,@rajnathsingh ji are presstitutes authorised to belittle/disrespect the Officers &amp; their armed forces under the garb of journalism?     #DhoniKeepsTheGlove https://t.co/sCZM4G4Ntv,0,1,0,0
84,6545,Hindu: I don't want my food being delivered by a M in this month of the season.  #Zomato: Religion my ass. Food is religion.     Muslim: I will not accept non halal food.  Z: Forgive us your highness. We respect your religious sensibilities and will do as thy command #boycottzomato,1,0,0,1
85,4334,@realDonaldTrump You must be unaware that when old tattered flags are retired from service they are often burned in a respectful  ceremony.   Will this law make this illegal?  #Dotard   #TrumpIsADisgrace   #TrumpIsATraitor   #TrumpIsAFraud   #TrumpIsAMoron   #TrumpIsTheEnemyOfThePeople   #TRUMPISACROOK,0,0,0,0
86,628,@BetoORourke Hey Beto shut the front door Robert Francis O‚ÄôRourke  conMan #DoucheBag,1,1,1,0
87,4253,'England's rainy weather is putting a damper on cricket fans' moods ‚òîÔ∏è'  #ShameOnICC  #CWC19  https://t.co/qWugztWetW,1,1,1,1
88,2820,"Now mamata didi cancels her meeting with the striking doctors. Shows het immaturity. She dreams of becoming the leader of India, but she is no statesman. She had egoistical mind, acts childish and behaves as a tyrant.  #DoctorsFightBack #DoctorsProtest",1,1,1,1
89,5071,@thehill The Acting Defense Secretary acting like he knows what he's talking about. #TrumpIsATraitor #TrumpLiesEveryTimeHeSpeaks #trumpswamp #WagTheDog,1,1,1,1
90,1654,India's bowling now..and every lunatic's eyes will be on Dhoni's gloves...Damn..#BalidanBadge insignia or not..who dafaq cares!!??#ICCWorldCup2019 #INDvAUS .. seriously..who cares if #DhoniKeepsTheGlove !?,1,1,1,1
91,1706,Here is Yoga for Women... Read more...  Remain Young and Fit with Yoga and know more benefits.    #WorldBloodDonorDay #ShameOnICC #SaveBengal #FridayFeeling  #SCOSummit2019 #MenInBlackReview #TheUnmissableMeeting  #doctorsstrike #ENGvWI https://t.co/xdvyFE5fYj,1,1,0,0
92,2990,#PakMoksAbhi in a as in d build up to d #IndvsPak match on 16th. We take strong objection to it @KirenRijiju pls do something don't expect anything from @BCCI we saw d #DhoniKeepsTheGlove issue left us red-faced,0,0,0,0
93,6040,Someone need specific then what is problem why zomato not done its better not make issue talk to amit shukla and every Hindu is not stand on meet shop dear others user so don't write this word halal or chicken,1,1,1,1
94,945,#Alabama did nothing about the #Rapist.    The #Court is ordering the #Victim  to allow #VisitationRights or she goes to #Jail.    #Rapists who created the children gets nothing.    #Vicitim parent‚Äîforced to bare them‚Äîgoes to jail.    #Alabama enforces #ShariaLaw.    https://t.co/g98G1OEq8l,1,0,1,1
95,6491,Woh toh zomato ko bhiksha de Raha tha,0,0,0,0
96,344,#ShameOnICC there is no rain in england matches why?,1,1,0,0
97,6139,"@realDonaldTrump Detroit mayor tells truth. Trump hasn t been back since elected ( stealing the election with help from Russia ) .. big mouth trump has not followed thru on much , though we wants credit for all. #fucktrump #conman #beattrump2020",1,1,1,1
98,142,"Oh Emma , Its not a competition also you already lost #FuckTrump https://t.co/D2EInMUiws",1,1,1,1
99,6381,This is love.   .    #Manus #Nauru #EndImmigrationDetention #RefugeesAreWelcome https://www.instagram.com/p/Bt50Z9vlyk5/?utm_source=ig_twitter_share&igshid=17n5rz8uuqe61¬†‚Ä¶,0,1,0,0
100,4667,@realDonaldTrump You are a joke. #Douchebag,1,1,1,1
101,6236,"Democracy is a bitter pill. Only people who could upend peace are terrorists, you may know some.. disgusting scaremongering.    'Bluster and bravado' is a perfect description for Sinn Fein who are loyal European Unionists and champions of the EU Commonwealth.",1,1,1,1
102,2280,#Trump Tweets About Epic Interview Fail &amp; Gets Mocked Like A Clown #TrumpIsATraitor #VoteBlue2020  https://t.co/5s2tNnBY8u,1,1,1,1
103,2361,ICC showed his full attention towarrds Dhoni's gloves  But gives a few attention in choosing a perfect place for the world cup 2K19   #ShameOnICC https://t.co/rFftuJMrHI,0,1,1,0
104,6232,If circa 120 people landing on Britain‚Äôs shores qualifies as a #migrantcrisis then I can‚Äôt wait for the headlines after the 29th March.... #brexitshambles #brexit #refugeesarewelcome,1,1,0,1
105,6901,"Wow, that's a wonderful truth that needs to be told to each and every Indian. I am sure, most of us are unaware of this, since the media never show this to us. Thank-you very much @KapilMishra_IND ji for sharing this.",1,0,0,1
106,4031,"@Acosta @ReliableSources @brianstelter @CBSSunday ‚ÄúThe enemy of the people, Jim Acosta‚Äù  At least he admits it.  #selfown #dickhead",1,1,1,1
107,5550,@TMZ Gross just like her ü§Æ #Drugger #Rapist #Robber,1,1,1,1
108,2290,"Are Muslims, in general a nuisance to be tolerated by the rest of the world ?  #SaveBengal  #DoctorsFightBack   #DoctorsStrike   #MamtaBanerjee",0,0,0,0
109,3427,A brilliant spoof of this moron being tipped by morons for PM. Goes to show just how embarrassing politics is in this small minded country. #BorisJohnsonShouldNotBePM https://t.co/vS7rO5zNbX,1,1,1,1
110,5863,"'In Kerala, it's all halal'.    Of course, sickular bastion that it is.    'Here they serve pork too.'    Lol, highly unlikely in any district with more than 20% Muslim population. A church bishop was beaten up for serving pork to non-muslim students in this very same Kerala lol.",1,1,0,0
111,6208,"‚ÄúQ‚Äù: How do you plan out for the widespread activation of sleeper cells and disaffected Muslim youth (both sexes) of military age into performing terrorist attacks the breadth & width of the country? @MonkHeretical has the answer, but no one will like it. @QTAnon1  @DanMcCaughan",0,0,0,0
112,5549,EXCLUSIVE: The Central Park Five‚Äôs Yusef Salaam calls Trump ‚Äòthe devil‚Äô     And he is! #FuckTrump,1,1,1,1
113,5220,"@realDonaldTrump https://t.co/NxLoLUO6F9  How Dare You?? #zerotolerance #tRump send him to #Mars2020   Take your asses back to Europe, #murderers!! You are the #IllegalImmigrants. You are the #rapist, #thug, the #criminal!! #ImpeachmentNOW this is not your land!! #GetOut!!",1,0,1,1
114,1056,"NO SHIT, SHERLOCK! #FuckfaceVonClownstick wants impeachment. . .it‚Äôs more attention and he can play ‚Äúpoor me.‚Äù  #FuckTrump https://t.co/WIlxE9WQf7",1,1,1,1
115,1593,King Joffrey: 47%  Donald Trump: 41%    #FuckTrump   #Trump41,1,1,1,1
116,3868,@Banks want to explain yourself? @AlissaViolet @FaZeClan @FaZeApex @FaZeBlaze @FaZeAdapt @JohnScarce @FaZe_Rain #TrumpSupporter #fucktrump https://t.co/fl2jaY7m92,1,1,0,1
117,179,"Kamala Harris‚Äôs plan to provide DREAMers a pathway to citizenship, explained #Resist #ResistTrump #FuckTrump https://t.co/WfsltWy6NJ",0,1,0,0
118,1490,"‚ÄúJohnson doesn‚Äôt just seem like a fucking moron, he is a fucking moron‚Äù #BorisJohnsonShouldNotBePM #ToryLeadeshipContest https://t.co/Ro7lCqvru2",1,1,1,1
119,3270,"@megan_thescript @LittleMissLizz Today at the bank an old lady asked me to help check her balance... So I pushed her over. ü§∑‚Äç‚ôÇÔ∏è    These are my dogs, Sophie and Maggie.  #FuckTrump https://t.co/Dw9Mv4kDv3",1,1,1,1
120,46,Hey Trump ! These lovely ladies got something to tell ya ....  #FUCKTRUMP https://t.co/s1WhlaPaMf,0,0,1,0
121,733,.@BorisJohnson is using his column this morning to promise tax cuts for high earners. This would cost ¬£9.6bn.    Never mind spending that on things like:    üëâüèæSupporting the 4.5m children in poverty    üëâüèæHelping the record number of families using food banks    #BorisJohnsonShouldNotBePM,1,1,0,1
122,6093,Boris has more pressure on him than May ever did. After 3 years of patience and watching we are not prepared to wait any longer. It really is ‚Äúdo or die‚Äù and @Nigel_Farage needs to be ready to strike.,0,0,0,0
123,5454,Govt school adopted by IMA appointed unqualified teachers based on their     #IMAFraud #PonziScheme     investments https://t.co/rqt6X1YdBQ,0,1,0,0
124,5793,#baapbaaphotahai  cockroaches will always be cockroaches   #terroristNationPakistan,1,0,0,1
125,3788,"Former EPA administrators blast Trump admin on science, regulation rollbacks #Resist #ResistTrump #FuckTrump https://t.co/HDU0rg7BcS",1,1,1,1
126,5033,#ShameOnICC    Shame on ICC    ICC was exposed where is there preparation     Shame https://t.co/e99J1AeMrC,1,1,1,1
127,6565,"My job is to make your streets safer. That begins with recruiting another 20,000 police officers.",1,1,0,1
128,2783,"@ICC - Are you sure, you are credible enough to conduct cricket world cup?    Stop just staring and pointing out at attire of cricketers    #Dhonigloves  #ENGvWI   #ShameOnICC   #WeTheNorth",1,1,1,1
129,6067,"Boris Johnson promises to make Britain ‚Äògreatest country on earth‚Äô as he... https://youtu.be/STLNxFnIhTs¬† via @YouTube    The Sovereignty of Nation States defies UN collectivization of the planet.  Individuals are not ready to be transferred to a Gulag, Canada included.",0,1,0,1
130,3892,FATAH: Why Shariah mortgage is a deception https://t.co/saoQ8EdbxE  #IMA    #IMAJewelsFraud   #IMAJewels  #IMAScam   #IMAFraud  #MansoorKhan  #IMAFraudCase   #Bangalore,1,1,1,0
131,306,I suggest @BCCI should walk out this World cup so that @ICC understands that they should be fair with every teams. #DhoniKeepsTheGlove,0,1,0,1
132,165,@realDonaldTrump Russian elected twit is #PutinsPuppet #TrumpIsATraitor https://t.co/8BHnUobBlE,1,1,1,1
133,2793,"Dear patients,  U are worth saving, but you are definitely not worth dying for.  Sincerely,  Your doctor.  #SaveTheDoctors  #standwithNRS #DoctorsFightBack https://t.co/qjHHNSKrVz",0,0,0,0
134,1191,Happy #JohnMcCainDay !     #FuckTrump   #ImpeachTrumpNow https://t.co/ggcFanQCJ5,0,0,0,0
135,6349,#LoveSong For #Bataclan #PrayForParis: Toto    Africa http://ift.tt/nD6XL1¬†      #ParisAttacks,0,1,0,0
136,182,Correct. Now is not the time for moderation. You cannot be moderate with your head inside the tiger's mouth. #FuckTrump https://t.co/IwEk3oZA1k,0,1,1,0
137,6421,"Spouting idealistic platitudes about how the religion is SUPPOSED to work does not mean that is how the community functions. I can think of one (1) non-black Muslim leader who actively addresses racism, who publicly aligns himself with #BLM and who stands against police brutality",1,1,1,1
138,2901,The world doesn't gave saved by Trump. It gets saved when we remove our support for the Gov. \n#qanon,1,1,0,0
139,5740,@realDonaldTrump @GOPLeader Republicans just might block your tariffs! #fucktrump #trumpsanidiot #resist #trumptrainwreck #TrumpProtest #DerangedDonald #TrumpBiggestLoserInHistory #AgolfTwitler #adultdaycarefortrump #trumpcrimefamily #ImpeachTheMFTraitor #DotardDonnie #TrumpsAnInternationalDisgrace https://t.co/d3oMdSeMQt,1,1,1,1
140,2403,#TerroristNationPakistan 90% Pakistanis wants war with India and 10% said war should not be.     And   Those 10% belongs to Pakistans Armed Forces    üòÇ    #TerroristNationPakistan,1,1,0,1
141,2109,"If @Conservatives MPs end up voting 4 @BorisJohnson despite his avoidance of public debate &amp; present himself, it shows the party is rotten 2 the core; it will show that deals have been made with MPs. People should C #borisjohnson‚Äôs incompetence on stage #BorisJohnsonShouldNotBePM",1,1,1,1
142,6925,This is the funniest thing you will see today!,1,1,1,1
143,6235,"Muslim 2 his wife  Talaq-Talaq-Talaq,wife chats back Modi-Modi Modi.This is a Victory 4 Fair sex.India rejoices today as da Triple Talaq Bill Passed Jai Hind",0,1,0,1
144,5113,Well Flint still doesn‚Äôt have drinkable water &amp; 9/11 first responders are going with out proper medical care....BUY HEY at least Air Force One is getting a pointless paint job!! üñïüèªü§®üñïüèª #FuckTrump #IMPEACHTRUMP,0,1,0,0
145,6986,"Before abusing me, kindly explain these 2 posts shared by Vinod, your husband. Which 'Indian Couple' is being shown in the gulf news as rescuers? Why is he thanking all (and pat his back) on tweet? What role did he had to play when she was already rescued? https://twitter.com/sakshijoshii/status/1145218792617676800¬†‚Ä¶",1,1,1,1
146,4180,@joshscampbell He is the only person I‚Äôve ever blocked. #Murderer üñïOJ  ü§ì,1,1,1,1
147,3648,What a complete babbling #idiotTrump! #MoronInChief @gtconway3d https://t.co/UE2ITKR8r8,1,1,1,1
148,5317,"@RepMikeJohnson I'd rather spend my tax dollars investigating the orange criminal occupying the white house, than wasting taxpayer money on trump's endless golfing while he violates the emoluments clause! #Resist #VoteBlue #ImpeachTheMF #trumpisaloser #FuckTrump",1,1,1,1
149,1410,We are loosing our freedom     #TrumpIsANationalSecurityThreat #TrumpIsATraitor #ImpeachmentInquiryNow #RussianAsset #Trump #ImpeachTrumpNow #ImpeachTheMFTraitor #ImpeachTheMFer https://t.co/AJYSa0uOYI,1,1,1,1
150,4484,The English love a buffoon but the Boris Johnson joke went tragically wrong | News | The Times https://t.co/AIxx2V5FtC  #BorisJohnsonShouldNotBePM,1,1,0,0
151,6856,"Oh really, who promised you years sister, what if you sleep and didn't wake up tomorrow, i have seen many people died like that, healthy people, having no past health issues, died without any preparations",0,1,0,0
152,4693,Trump's impeachment poll numbers highest since Nixon #Resist #ResistTrump #FuckTrump https://t.co/Lgj1EOYOf0,1,1,1,1
153,5319,@AdamBaldwin yeah #FakePOTUS #fucktrump #ITMFA,1,1,1,1
154,6199,".@CNN #DemDebate Moderators @DanaBashCNN @jaketapper @donlemon ask about the #MuslimBan & cap on refugees (a cap that may be slashed to 0 in 2020). The 2nd debate takes place in Detroit, Michigan ‚Äì a city & state home to one of the largest U.S. Muslim populations.#NoMuslimBanEver",0,1,0,0
155,2303,"#Sunday June 16, 2019            #TrumpIsATraitor     #FakePresident             #WeAreNotOk #TrumpMustGo https://t.co/w0U6NakmPH",1,1,0,0
156,3877,"Rape culture cw//    'No, but I know him, and he's not like that.'    No, he's another kind of #rapist.",1,1,1,1
157,4942,"Seriously, how the F**K did this happen?!?    #TrumpIsATraitor #TrumpIsAFraud #TrumpIsAMoron #TrumpIsADisgrace   #TrumpLiesEveryTimeHeSpeaks #TrumpMustGo #TheResistance https://t.co/kHV8bN7EcZ",1,1,1,1
158,5874,Go write it on the side of a bus.,1,1,0,1
159,3717,"I don‚Äôt understand how is a military insignia being equated with prayers being offered on the field? I understand if you want to #DhoniKeepsTheGlove but don‚Äôt bring in prayers into this controversy.    Also, like Vinod Rai said, ‚ÄúIt‚Äôs a non-issue.‚Äù Let it be like that. Please.",0,0,0,0
160,2078,ü§° Happy Birthday President tRumpf! https://t.co/2O47krtroc #JohnMCainDay #TrumpBirthday #HappyBirthdayTrump #fuckTrump #resist,1,1,0,0
161,5329,"Considering how quickly #Trump attitude escalated from unacceptable to ultra alarming, #ImpeachTrump approach seems outdated    Outside of the box thinking is required    #FUCKTRUMP = #IndictTrump &amp; get him out of WH    #TrumpLies  #TrumpCult    #Resisters  #ResistersForum  #ResistersUnite https://t.co/4uLt3JKR5W",1,1,0,1
162,6338,Bhakts are busy in giving Bad Rating to Zomato on Playstore  ,1,1,0,1
163,2426,Going to war. Hey these other countries pd traitor Trump and kush. Now they are making it happen. Right from the start ,1,1,1,1
164,405,@realDonaldTrump Resign now motherfucker! #IllegitimatePresident #DouchebagDonnie #shitgibbon #pedophile #rapist,1,1,1,1
165,5350,"@tehseenp @EconomicTimes @INCIndia @ETNOWlive 2000 Crore Scam , Gullible Muslim Investors , cheated by Mullahs , Politicians in the name of #HalalaBanking #HaramBanking , Cong leaders are seen with the accused #Imafraud #IMAJewels #Imascam #IMAJewelsScam #IMAFraudCase",0,1,0,0
166,5173,Not answering any questions about my citizenship after 70 fucking years. #FuckTrump #Resist https://t.co/IgkOrkWccP,1,1,1,1
167,5335,"@Cmonman4real @MichaelRapaport @realDonaldTrump Considering it (dick stains bday) going around on social media, one would have to live under a rock to not know, due to social media... I need to see a birth certificate to prove today is actually his bday.. #FuckTrump #JohnMcCainDay",1,0,0,1
168,2856,"#GandiNaaliAbuse I feel Cong people are bent upon finishing their party. Why they don't understand that by abusing Modi, they loose public sympathy and votes.",0,0,0,0
169,5371,"It seems that trump supporters don‚Äôt understand how ‚Äúrespect‚Äù works. It is earned through action and intention, not through accomplishments.   #fucktrump #allgodsarefalsegods",1,0,0,1
170,6848,Parliament proceedings live updates | AIMIM leader Asaduddin Owaisi says the Speaker must ensure the elected government should not become a monarchy.  @the_hindu  @asadowaisi,1,1,0,1
171,4973,"@thehill Dear France and the rest of the world,  #FuckTrump    We‚Äôre sorry.     Please be patient while we did our system of this virus.    Love,  Most Americans",0,0,0,0
172,885,"@realDonaldTrump Unlike your 'Absolute, Real and Physical act of treason..!' #TrumpTreason #TrumpRussia #TrumpIsATraitor #TrumpTraitor https://t.co/8gj8g5j2Ia",1,1,1,1
173,5743,.@GReschenthaler #PA14 You defend a traitor to the USA. #TrumpIsATraitor #TreasonInPlainSight https://t.co/2K20AqKivX,1,1,1,0
174,6767,"Is this happened in Uttar Pradesh ? If so, that will be alarming situation of law in order in state. Enough is enough   @Uppolice @dgpup @capt_ivane @upcoprahul @sengarlive @RahulSinhaZee @UPGovt @ippatel @up100",0,0,0,0
175,6657,"She should cut the BS and go Pocahontas way, though I doubt that someone after Pocahontas will be the same stupid thing. She should come of the closet with a Muslim identity, more suiting the squad.",1,1,1,1
176,6513,This idiot has got respect for Islam and not any respect for the Swedish people! How long will they let him carry on? This is a disgrace for the nation! ,0,0,0,0
177,5907,The average guy still trusts you Mamata. Don't fuck it all up like the Commies did. Too much at stake for the state now.,1,1,1,1
178,3531,1. Melania is nothing like Jackie O.  2. Melania is not 'it.'  #VoteBlueToSaveAmerica  #VoteBlueNoMatterWho2020  #TrumpIsATraitor  #TrumpResignNow https://t.co/EAD95LYTYw,1,1,1,1
179,3032,@realDonaldTrump Question isn't if #trump thinks his rabid minority wants him longer than 2 terms. Question is what would he do? Encourage the peaceful transition of power USA is famous for or incite riots &amp; treason by ignoring the #Constitution?    #TrumpIsATraitor #FirstAmendment #ImpeachTrump,1,1,1,0
180,865,#MeghanMcCain mystifies co-hosts by defending #IdiotTrump with a bizarre #Ebola rant: ‚ÄòIt‚Äôs my No. 1 fear in life‚Äô - https://t.co/vyPc9kAVvy,1,1,0,0
181,5587,@realDonaldTrump Taking sides with the Russians again #TrumpIsATraitor,1,1,1,1
182,5589,The Worst World Cup Ever? My article https://t.co/F6WIe0pSOC #ICCWorldCup2019 #WorldCup2019 @cricketworldcup @ICC #ShameOnICC,1,1,1,1
183,4660,Shoutout to blind PTI followers.   Read and understand the level of deception your druggy captain sold you!  #ŸæŸæŸà_ŸÜ⁄©ŸÑÿß_ŸÜÿßŸÑÿßÿ¶ŸÇŸê_ÿßÿπÿ∏ŸÖ   #Pakistan  #PTIGovernment  #imranhataomulkbachao  #PMLN  #ÿ™ÿ≠ÿ±€å⁄©Ÿê_ÿßŸÜÿµÿßŸÅ_ŸÇÿßÿ™ŸÑŸê_ÿßŸÜÿµÿßŸÅ https://t.co/sXAeA73vHY,0,1,1,0
184,2164,"When you‚Äôre more interested about stopping leaks then doing something to improve, you‚Äôre the same as Nixon!  #TrumpIsATraitor #TrumpMustGo    Trump campaign fires multiple pollsters after unflattering numbers leak  https://t.co/rnUgWuf4HH",1,1,1,1
185,6072,Yes. Please take your places in Westminster and do something constructive. Rhetoric isn't useful.,1,1,0,1
186,1809,@knittinglinda @MalcolmNance Part of the Hitler Youth League. What do you expect. #FuckTrump #OrangeFoolius #BeBest #MAGA #AmericaFirst #asshat,1,1,1,0
187,1741,@realDonaldTrump doesn't give a FUCK if your poor and can't buy food for your family!    He's got tons of money he can buy ALL the food he wants!    Trump is saying FUCK THE POOR!    #FUCKTRUMP #TrumpResign #ResignTrump @realDonaldTrump #BlueWave2020 #IMPEACHBARR #ImpeachTrump https://t.co/Uf3la319C5,1,1,1,1
188,6761,"Violence has no place in any Civil Society. Mukherjee Nagar incident is sad and condemnable.    Free and fair enquiry should be done , so that no innocent should be punished and guilty should be brought to book.",0,1,0,0
189,4495,KEEP on the Press .. they still won‚Äôt publish #IntlOrgCrime news AND Want to keep presenting TRUMP AS VICTIM MEME.. whaddya think about that #metoo @NCADV IS #adulterer #rapist TRUMP the victim in his $1.5Million payment for #Abortion of OWN CHILD conceived on Ivanka lookalike? https://t.co/qrQ0kX4Vax,1,1,1,1
190,4130,@bhogleharsha @ICC can see @msdhoni badge but doesn't see the ground was not covered.  Most developed Country in üåè and call üèè as the national sports Yet can't do anything for the biggest tournament. Learn something from #EdenGarden  #ShameOnICC #WorldCup2019 #iccraincup2019 #CricketKaCrown https://t.co/CuYUiOjW4j,0,1,0,0
191,4810,Water is wet - Republicans are homophobes  #MikePence #FuckTrump #Trump2020 #MAGA #homophobia #homophobes https://t.co/VJjcv5aHO0,1,0,1,1
192,343,@JohnCornyn @txlegion @TexasBoysState Did you tell them How you voted to repeal sanctions against Oleg Deripaska and Rusal? https://t.co/BODxwbfvww Cant wait to Vote you out! @mjhegar #TraitorTrump #TrumpRussia #ReadTheMuellerReport #TrumpIsATraitor #TrumpCriminalInvestigations #TrumpConcentrationCamps,1,1,1,1
193,6660,@firstdogonmoon   #PTSD for putting up with  #getagoodjob #redsunderbed #terroristsrcoming #refugeesgoback #griggsbashing  #imthrowinguoutofaus,1,1,0,0
194,6108,England  Women‚Äôs 139/5 after 20 overs   Australia 18/0 after 3 overs who will win #Ashes #Cricket #ICC #AUSWvsENGW #ENGWvsAUSW #ENGvAUS #AUSvENG,0,1,0,0
195,2088,I'm SOOO excited! Going 2 take my granddau 2 DC &amp; NYC 4 the 4th! Can I get away w/ holding up a #FUCKTRUMP sign on PA Ave &amp; taking a selfie? I haven't been on a vaca like this n 30 yrs. I never thot I'd b able 2 travel again b4 my hip surg.   #SUMMERVACATION  #DCNYCHereWeCome,1,1,1,1
196,434,"Why the #DoctorsFightBack is not just about violence unleashed on them ? Its time to address faltering justice systems, crippled health systems and broken dreams  https://t.co/S2akvvDDlY",1,1,0,1
197,1334,Don't cancel matches due to Rain.  Just Give them Football.üòâ    #BCCI  #ICC  #ShameOnICC,1,1,0,1
198,4474,#DhoniKeepsTheGlove @ICC please stop using undue pressure on Indian cricket team. Remember most of your earnings come from @BCCI also take whatever fine you want to but dhoni will keep the cup.,1,1,0,1
199,5808,@piersmorgan @Iromg How ashamed are you for the phone hacking scandal? #dickhead,1,1,1,1
200,6885,"Heartly congratulations, for your success in parliament elections .Almighty Allah bless you, for ‡§Ü‡§ú‡§º‡§Æ‡§ó‡§¢‡§º",1,1,1,1
201,6017,How a small Turkish city successfully absorbed half a million migrants #WorldRefugeeDay #refugeesarewelcome #Syria #Turkey ,0,1,0,0
202,5029,@Pongo81575019 It dates from 2012  But it‚Äôs a reminder that no one intelligent or caring would ever trust #BorisJohnson  He did it his way then  It will always be his way  The amoral way    #BorisJohnsonShouldNotBePM,0,1,0,0
203,6950,A PhD student at University of Florida hanged himself just before he was supposed to present his paper at ISCA 2019. This story claimed the reason is that his advisor has falsified the experiments for the paper and he couldn't live with pressure.,1,1,1,1
204,3873,"@realDonaldTrump @VP #fucktrump Take Nixon, add sexual assault, add misogyny, add pedophilia, add bigotry, add homophobia, add hatred, add racism, add fascism, add despotism, add nepotism, add treason, add climate denial, add Twitter, subtract 50 IQ points, and you have Trump today.",1,1,1,1
205,3674,@realDonaldTrump You are Horrible! #TrumpIsATraitor #TrumpIsAFraud #TrumpIsADictatorWannabe #WakeUpAmerica,1,1,1,1
206,422,@TheRealOJ32 You belong in jail and then in hell #murderer #JusticeForNicoleAndRon,1,1,1,1
207,3839,@surnell @muraliks_11 @BCCI @ICC Yep...How can it violate those three regulations...  #DhoniKeepsTheGlove,1,1,1,1
208,6720,Actress : I‚Äôm an actress my opinion doesn‚Äôt matter    Also the actress : Don‚Äôt vote for Modi because me and 300 other actors are saying so.,0,1,0,0
209,195,@ICC Have some sense üòÇ Just creating issue out of nothing #DhoniKeepsTheGlove,0,0,0,0
210,3276,@realDonaldTrump #dickhead Donald is a #disgrace to The USA not so much to his family because they are all #criminals like #Individual1 who makes disgusting statements EVERY single day. On American or Foreign soil. #LockHimUp #VoteBlue2020 #ImpeachTrumpNow,1,1,1,1
211,5105,"@BeckyRowell2 @PARISDENNARD @realDonaldTrump It wasn‚Äôt fake, according to the Mueller report the Russians absolutely interfered with our election and #TrumpIsATraitor even admitted a couple days ago he would take damaging intel from a foreign power if approached",0,1,1,0
212,3128,All cricket board announced their official jersey for upcoming matches.   #ShameOnICC https://t.co/5C7HpRikD9,1,1,0,1
213,2687,"#CloseTheCampsChina #NoToBeijing2022 #boycottchina  China is guilty of ethnic cleansing. The world is silent, whilst people are being killed. Shame on all humankind. You care more about plastic bags than humans. Shame. #UyghurGenocide #DoguTurkistandaZulumVar https://t.co/gShJRqKnuF",1,1,1,1
214,4564,#ShameOnICC: Cricket fans worIdwide blast ICC after another World Cup washout @BCCI  @cricketworldcup @ICC  https://t.co/8EdZKjrRLY,1,1,1,1
215,1377,I‚Äôd celebrate the better man any day #JohnMcCain was a hero and patriot  #TrumpIsANationalSecurityThreat Bone Spurs is Neither a patriot nor a hero  #TrumpIsATraitor #TrumpIsADisgrace #TrumpIsTheEnemyOfThePeople No one would say those things about McCain https://t.co/uojq8KmqLx,0,1,0,0
216,2220,@TheRealOJ32 @KrisJenner So have you paid anything at all to Mr Goldman yet for killing his son? I doubt it but here you are trying to 'set things straight'. #Murderer,0,1,1,0
217,6190,We're going to Jahannam for despising a country that is a disgrace to Islam,0,1,0,0
218,6905,Uttarakhand will be 2nd state after Assam to ban people from contesting Panchayat election.     This is very welcoming step towards #PopulationControlLaw.,1,0,0,1
219,2805,Plz support our savior... Request from AIIMS DELHI ....#DoctorsFightBack https://t.co/45Mh7xzISL,0,1,1,0
220,1269,All the best to #TeamIndia for another swimming competition on Sunday against   #India üáÆüá≥ #Pakistan. üáµüá∞     #INDvPAK #ShameOnICC  #CWC19 #CWC19Rains ‚òî‚òî https://t.co/KtTKeIIUm7,1,1,1,1
221,2955,"Doctors are god, they are lifeline..üôåüôè  Caption it please..üôèüôèüôåüôå  #BengalDoctorsStrike  #DoctorsFightBack https://t.co/0C3IGLrNw7",1,1,1,1
222,3461,"So, the next time someone can't be bothered to turn up to something, can we refer to it as ‚Äôdoing a Boris‚Äô? @BorisJohnson is a joke. @MichaelRosenYes @FleurHitchcock #BorisJohnsonShouldNotBePM",1,0,0,1
223,870,Nuf said. #fucktrump #NotMyPresident #LiarInChief https://t.co/d0IaQdDWGI,1,1,1,1
224,5168,@GOP Is there anyone in this party with the balls to stand up to #OrangeFoolious and do what is right for their constituents and America. I changed parties because of the spineless attitudes and HATE towards women. #FuckTrump #BeBest #MAGA #AmericaFirst,1,0,1,1
225,2548,#ImranHataoMulkBachao #ImranKhan Must  #retweet  #MustWatch #Budget2019 #AwamDushmanBudget #ImranKhanAddressesTheNation    #mustretweet https://t.co/4usfp7K2b1,1,1,1,0
226,2375,#TraitorTrump Unleashes AM #Tweet As World Crumbles Around Him #TrumpIsATraitor #VoteBlue2020  https://t.co/Q8xLlWlkJF,1,1,1,1
227,3180,@TheDweck #murderer   Let‚Äôs bombard him with it.,0,1,0,0
228,2031,#DoctorsFightBack MB shouldn't be allowed to meet the injured doctor till all the attackers are arrested.,1,1,1,1
229,732,Oh look Socialism!  Our farming conglomerates who will reap the majority of these benefits totally desire this upward accumulation of funds that never make it to the people! #idiotTrump #CorruptGOP #snakes #POTUSignoramus https://t.co/feviFLrm8a,1,1,1,1
230,4839,The secret behind the game.    #IndiaVsPakistan   #terroristNationPakistan https://t.co/wwMk8Un90Z,1,1,0,1
231,848,This proves that @ImranKhanPTI is the biggest hacker of #TerroristNationPakistan https://t.co/315WkNP1iH,1,1,1,0
232,2195,#ShameOnICC thank you for ruining the most awaited tournament in India @ICC,1,1,1,1
233,4383,Hey @potus   He MURDERERS people who disagree with him   And that makes him your hero?!?  WTF....you sad pathetic orange buffoon!!!  #FUCKTrump #ImpeachTrumpNow https://t.co/fdVIFM5CuR,1,1,1,1
234,322,@realDonaldTrump @USArmy Trump is a piece of üí© Well I was serving proudly he was playing Captain Bone Spurr‚Äôs at Studio 54 in NY Spending his Daddy‚Äôs money üí∞ prowling for women like Ivanka And Melania The Purple heart he has he took from a veteran and stated that was the easy way to get it #fucktrump,1,1,1,1
235,3078,so do you #MAGA types believe it when your precious Fox News says it?  #CriminalInChief #LiarInChief  #fucktrump https://t.co/p8njfyC6BK,1,1,1,1
236,4016,Men's Unisex Anti Trump AF T-Shirt in Extended Sizes - Small up to 5x https://t.co/cCONVvr7xF  #fucktrump #antitrump #votebluenomatterwho https://t.co/2AUW8BhR16,1,1,1,1
237,1783,The only way ‚ÄúMelania T‚Äù is like Jackie O is that their husbands both cheated on them. #FuckTrump #LiarInChief #TraitorInChief #ImpeachTrump #JohnMcCainDay #Resist,0,0,1,0
238,3261,@JohnFetterman @GovernorTomWolf @realDonaldTrump Damn right Mr. Fetterman! Pennsylvania is gonna be one of the deciding states that purge Trump and his Repugnant party from office! We are going to be a solid üîµ BLUE state again! #FuckTrump,1,1,1,1
239,3650,Australian damad is on fireüòÖ#iccworldcup #CricketWorldCup2019 #IndianCricketTeam #Dhoni #DhoniKeepsTheGlove #abvpnec2019 #AajKaMatch #aajtak #BCCI #shikhardhawan #IndianCricketTeam #Worldcup19 #hotstar #virendrashehwag,0,1,0,0
240,5865,"@Channel4News Fifth of the population now in poverty, affecting the poorest and most vulnerable.  @BorisJohnson has caused ¬£4bn to be spent on #Brexit and intends to spend ¬£100m on no deal propaganda!  You should be bloody ashamed of yourself and your vanity project. #NotMyPM",1,1,1,1
241,878,"@BCCI should act on this! Being the world's dominating cricket board, at least they should appeal to @ICC.    When we requested, not to play against @TheRealPCB to support our jawans, @BCCI's response was cold. Now, is the time to stand with our jawans @BCCI    #DhoniKeepsTheGlove",0,0,0,0
242,4384,Anti Trump AF Coffee Mug https://t.co/GtEf0l0d9h #AntiTrumpAF #AntiTrump #FuckTrump https://t.co/tXgtG0T1HS,1,1,1,1
243,612,@IndiaToday #DoctorsFightBack  #DidiDividesIndia    No Wonder Junior Doctors &amp; even Interns of Bengal Hospitals SKIP cM's call for meeting and refuses to meet the cm.,1,1,1,1
244,439,Fascinating summary of UK #ToryLeadershipContest candidates records after the #C4debate for #ToryLeadershipElection which may decide #BrexitShambles or #RevokeArticle50 #RemainAndRebuild : #RoryTalks #gove (&amp; thank goodness we didn‚Äôt have to listen to #BorisJohnsonShouldNotBePM ) https://t.co/EKHjj0RL4l,0,0,0,0
245,3082,How can they be so Naive to not check the weather condition &amp; choose Location accordingly before fixing the Tournament. People do this even before fixing Marriage Date. #ShameOnICC #CricketWorldCup19 https://t.co/NA9FiRKiNo,1,1,0,1
246,4032,"@BCCI Wts the stupid logic of sharing a point each by the teams which could not play match due to rain...? Stupendously idiotic. it is unfair @ICC  change ur rules ,get reserved days to play matches which couldn't have played due to rain .it only helps the fortunate!#ShameOnICC",1,1,0,1
247,6749,Happy birthday to you God gave you a long life,1,1,1,1
248,2552,Do you know ?    The strongly flavored Saffron is deep Red in color    #BengalDoctorsStrike #bengal #MamtaBanerjee #DoctorsProtest #DoctorsStrike #DoctorsFightBack #doctors_against_assualt #cpim #Communists #AmitShah #Imafraud #indianmedicalassociation #TMC #Congress #MamataBanerjee https://t.co/fCRsxUv6nC,1,1,1,1
249,5682,@thehill More ripping families apart for political reasons. This is outrageous #ImpeachmentInquiryNow #ImpeachDonaldTrumpNOW #TrumpIsATraitor,1,1,1,1
250,2348,@Hope012015 @thinkprogress What has he seen from Trump that indicates he‚Äôs shown good judgement? Just SAYING He would take Information from A Foreign Govt shows Terrible Judgment! #TrumpIsATraitor,1,1,1,1
251,6801,"'Thousands of candles can be lighted from a single candle, and the life of the candle will not be shortened. Happiness never decreases by being shared'- Gautam Buddha #WednesdayWisdom #wednesdaythoughts #WednesdayMorning",0,0,0,0
252,1646,Shining Diva Italian Designer Non Precious Metal Jewellery Set @ Rs.398    https://t.co/yYoRiEnR4c    More: https://t.co/7ZfoIvw94u    https://t.co/yYoRiEnR4c    #DoctorsFightBack #SaveBengal #amazon #flipkart #deals #dealoftheday #amazingdeals #offers #discount #JaiShreeRam #ModiForAll,1,1,1,1
253,4730,#China finds new ways to pressure #IdiotTrump amid trade impasse #TrumpTradeWar  https://t.co/bv2By0IfPV,1,1,0,1
254,5683,@realDonaldTrump @MarshaBlackburn I think you mean achomlishments. #IdiotTrump #ImpeachTrumpNow #LockHimUp,1,0,1,1
255,2199,@realDonaldTrump Doesn‚Äôt that mean half the country HATES you?  #FUCKTRUMP,0,1,1,0
256,2347,Why is #BorisJohnsonShouldNotBePM hiding from the press and tv cameras? No show on #C4LeadershipDebate &amp; today conspicuous by his absence from the #hustings @BorisJohnson,1,1,1,1
257,4155,"IMPEACH TRUMP! WTF is wrong  with you, you senile old man?! #TrumpRussiaCollusion #trump #NotMyPresident #resist #ImpeachTrump #FuckTrump #ImpeachTrumpNow Trump tries damage control after offer to foreign spies  https://t.co/tbunEQcs2K",1,1,1,1
258,3124,Wonderful article in ‚Å¶@elpaisinenglish‚Å© about the new #Spanish edition of my #book The #Poet and the #Murderer #bookreview #ElPais https://t.co/b1kPzI15wC,1,0,1,0
259,6869,Yeah a proud moment for India.  But when it comes to our country we will only put Gandhi pic on our notes as if there is no other great Indian in our 10000 year civilisation history.    Why have we reduced India to a one man one party one history nation ?  #India,1,0,0,1
260,3592,#Trump2020 can't happen because we know #Trump2016 didn't happen üòê Or is there something they ain't tell'n us? ü§® #FuckTrump #FeelTheBern in 2020 üòúüî•,1,0,1,0
261,308,So has that derby fan had his bouncing Frank tattoo removed yetüòÇüòÇüòÇüòÇüòÇüòÇüòÇ#dickhead,1,1,0,0
262,3154,Kellen Winslow Jr. #GUILTY #Rapist  https://t.co/EoOYbh4Fb2,1,1,1,1
263,3608,The MAGA't filth is onto us. We need more #HappyJohnMcCainDay and #JohnMcCainDay tweets. #FuckTrump https://t.co/ngDz1JdHzJ,1,1,1,1
264,6670,Boom Boom Afridi  .  .  .  #worldcup #ipl #cricket #cwc #viratkohli #india #icc #indiancricketteam #rohitsharma #msdhoni #teamindia #dhoni #pakistan #virat  #bhfyp #tilltoss,0,0,1,0
265,3711,I heard Sleepy Joe Biden has been insulting me on the trail. What a loser! He hasn‚Äôt even BANKRUPTED 18 companies yet!  #sad #MAGA     #resist #Resistance #FuckTrump https://t.co/Gpb2mSSOM9,1,1,1,1
266,4977,Poor Management by @ICC  for a World-class event which comes once in four years. Recordbreak 4 washouts (Most in any World cup) still 27 matches and 3 knockouts to go. You Just Ruined Us.üñï #ShameOnICC,1,1,1,1
267,570,Biggester scamster #Congress itself got scammed by the data experts!! That's great fun to watch ü§£ü§£ü§£ü§£ü§£ü§£ü§£ü§£ü§£ü§£ü§£ü§£ü§£ü§£ü§£ü§£ü§£ü§£ü§£ü§£ü§£ü§£ü§£ü§£ü§£ü§£ü§£ü§£ü§£ü§£ü§£ü§£ü§£ü§£ü§£ü§£ü§£  #CongressMuktBharat #loksabhaelectionresults2019     https://t.co/jpMtPL4WGV,1,1,1,0
268,2006,"PATIENTS are right, DOCTORS are right    PATIENTS on road, DOCTORS on road    PATIENTS loosing LIFE, DOCTORS loosing LIFE    irony is both PATIENTS &amp; DOCTORS are being played in the hands of WB dirty POLITICS !!    #DoctorsFightBack  #DoctorsProtest  #MedicareForAll   #patients #doctors",1,1,1,1
269,4748,@SpeakerPelosi @realDonaldTrump Then DO SOMETHING it is time to impeach the traitor - criminal. By doing nothing you are an accomplice to the destruction of our democracy! #ImpeachDonaldTrumpNOW #ImpeachTrump #TrumpIsATraitor #TrumpCrimeFamily,0,0,1,0
270,1532,#IAgreeWithRory @RoryStewartUK #BorisJohnsonShouldNotBePM #C4debate #BritishandAshamed so sorry @AgnesCPoirier #YellowRose üíõ from #BritInFrance üíê https://t.co/6OKwenJKwe,0,1,0,0
271,5504,"Its Shame  for Congress ! These type of idiots should not be in politics , there should be some moral values in people who is so called leader/neta . #GandiNaaliAbuse . Arnab plz don't allow these people who doesn't have respect for PM/ President on national TV",1,1,1,1
272,6858,Are hindu girls' lives' for free?  #HinduUnity  #Hindu,0,1,0,0
273,2938,"We need laws that protect us at work.   We don't want to work at gunpoint, under political intimidation or burdened with unreasonable moral obligations.   #DoctorsFightBack https://t.co/G3SYvxXC5v",1,0,0,0
274,1131,@RepAndyHarrisMD @POTUS Let‚Äôs not forget ...    Today is #JohnMCainDay which is infinitely more celebratory than the birthday of a pathological lying corrupt criminal traitor.    #TrumpIsATraitor   #TrumpIsACriminal   #TrumpIsAMoron   #TrumpIsANationalSecurityThreat,0,1,0,0
275,840,@realDonaldTrump She a LIAR JUST LIKE U. U GOING DOWN SHE LEAVING U BE 4 IT HAPPENS #DICKHEAD,1,1,1,1
276,1071,"@nycsouthpaw @gtconway3d This is a standard process for all dictators to remove the free press from society. No doubt @realDonaldTrump got this from the only book he has read, 'Mein Kampf'.  #TrumpIsATraitor   #TrumpIsTheEnemyOfThePeople   #TrumpIsACriminal",1,1,1,1
277,153,"@TheRealOJ32 Only in America can a murderer (come on, he did it) and convicted criminal immediately get half million followers. If you‚Äôre following, you‚Äôre condoning his actions and validating him. #OJdidit #conman #murderer",1,1,1,1
278,334,@khanamad999 @MoeedNj @GVS_News how this #porki country produce such rectums ?  surgical strike 1  surgical strike 2.0  #balakotairstrike   #F16 down  shamelessly returned capture pilot in 24 Hrs (that to announced by the #jihadi #pm #imranhataomulkbachao )  now on ventilator of #bailout package from #IMF   way to go.,0,1,0,0
279,786,#Sociopath - a person with a personality disorder manifesting itself in extreme antisocial attitudes and behavior and a lack of conscience.     #Murderer - a person who commits murder; a killer.    #Psycho - üëáüèº https://t.co/bBLcB8TLTa,0,1,0,0
280,3111,"@realDonaldTrump #PresidentObama  will always be superior to you, #IdiotTrump. No contest, really.",0,0,1,0
281,5283,#FuckDelhiPolice #TakeAction #DragDelhiPoliceToCourt #GoonsInUniform #NoToPoliceBrutality   Action is a must against those violent attackers who also thrashed a minor from minority background.,1,1,1,1
282,2053,@Victorialolaimo Can't understand how darts comes before his children #dickhead,1,1,1,1
283,6173,"‚ÄúTo every Arab and Arab American girl, I see you. You are worthy. Keep shining.‚Äù Powerful story & my hope is every teacher will read this to their class. I loved every bit of this book.  #library #literacy #syriancrisis #refugeesarewelcome #empathyneeded #begenerous #strongwomen",1,1,1,1
284,212,@realDonaldTrump You are a crook and a national embarrassment.  #FUCKTRUMP  #impeach45  Happy #JohnMcCainDay,1,1,0,0
285,2046,#etsy shop: Benedict Donald so called president is a traitor Short-Sleeve Unisex T-Shirt https://t.co/cFqiGN6kbT #clothing #shirt #streetwear #trump #impeach #treason #traitor #fucktrump #impeachtrump https://t.co/BHsudhUQNc,1,1,1,1
286,2501,Yeah he is üòÇ #FuckTrump https://t.co/5AlfNX0FGc,1,1,1,1
287,5554,"The trump admin are pieces of trash that need to be thrown where they belong.  No respect for life &amp; I have no respect for them. As a grandfather, trump should be SHOWING his grandkids the world not giving a*sholes like his sons licence to KILL every good thing in it.   #fucktrump https://t.co/zVWAr2qYeV",1,1,1,1
288,6826,Best couple in d world wish u happy marriage life,0,0,0,0
289,6627,#LoveSong For #Bataclan #PrayForParis: Berlin    Take My Breath Away http://ift.tt/oaDnoC¬†  #ParisAttacks,1,1,1,1
290,1091,House Approves Court Action to Enforce Democrats‚Äô Subpoenas #Resist #ResistTrump #FuckTrump https://t.co/Ts9QkCQHE3,1,1,1,1
291,6872,"I am confident that under the leadership of Shri @AmitShah and Shri @JPNadda, and powered by the hardwork of our Karyakartas, the BJP will continue winning people‚Äôs trust and serving our society. We remain committed to building a strong, developed and inclusive India.",0,0,0,0
292,1980,Shocking crime on Xmas day...    https://t.co/Xkixt47J25    #crime #UK #murderer,1,0,0,0
293,6503,Trump housing official squirms when confronted with president‚Äôs attacks on Baltimore: ‚ÄòIsn‚Äôt that your responsibility?‚Äô #Resist #ResistTrump #FuckTrump ,0,1,0,0
294,2150,"@realDonaldTrump #FridayMotivation?  Correct #Trump.    He wrote,  ‚ÄúThe dishonest media will NEVER keep us from accomplishing our objectives on behalf of our GREAT AMERICAN PEOPLE! #MAGA‚Äù  I say,  ‚ÄúDishonest Trump will NEVER keep us from from restoring DEMOCRACY on behalf of all Americans!‚Äù    #FuckTrump https://t.co/eDOGNKbkjM",1,1,1,1
295,5630,"@TeaPainUSA Great. Here's a quick update from Canada:  We hate üéÉ (but not pumpkin pie, pumpkin-spice latt√©, The Great Pumpkin, or gourds in general; just that idiot dictator-wannabe who is trashing your reputation, America).  #FuckTrump",1,0,1,1
296,2162,@realDonaldTrump You don't have any friends!  #FUCKTRUMP #RESIST #VETSAGAINSTTRUMP #JohnMcCainDay,1,1,0,1
297,3832,#DhoniKeepsTheGlove Dhoni just love India and for the pride of our beloved Nation Dhoni should keep wearing the glove with the balidan logo....,0,0,0,0
298,3806,Happy PRIDE Month   ‚úåÔ∏è‚ù§Ô∏èüè≥Ô∏è‚Äçüåà    #Pride2019 #LGBTQtogether #LGBTQ #GayPrideMonth #EqualityAct #NeverTrump #ImpeachDonaldTrumpNOW #fucktrump #firegop,0,0,0,0
299,3016,this years i think Rain will be top on chart and we can see  it on FINALE  also..ü§£ü§£ü§£ü§£ #ShameOnICC https://t.co/1BQzmVB85U,1,1,0,0
300,2266,"iTWEET:After all the rabid build up to the #ICCWorldCup2019 match between #India &amp; #Pakistan on 16June, the ultimate let-down would be a washed out match again! One point each! #Cricket #WorldCupCricket #ShameOnICC",0,1,1,1
301,1908,https://t.co/aiCmp4tdNr    There are no depths to which Bojo will sink. I wish someone would blast 'Scotland The Brave' outside his residence everyday. Playing bagpipes. :)  #Scotland #borisjohnson #BorisJohnsonShouldNotBePM,1,1,0,1
302,4768,Chal hatt #Rapist supporter BJP KA DALAL https://t.co/zZv7ud1h4G,1,1,1,1
303,1260,@teluguinnews #DoctorsFightBack  #DoctorsProtest #India  Junior doctors in #Telangana hold protests in support of West Bengal doctors - India Today https://t.co/a3wklhw7J9 #WestBengal,1,1,0,1
304,1097,#CWC19 #WC2019WithTimes #ICCWorldCup2019 #ShameOnICC @ICC should hold famous indian 'Denga Pani' world cup in this weather rather than #CricketWorldCup2019 #cricketlive @BCCI @CricketNDTV @Sports_NDTV @BBCSport @ECB_cricket #INDvPAK #INDvsPAK #INDvNZ #CricketKaCrown,1,1,0,1
305,4681,@WhiteHouse Deranged display of fake patriotism.     Meanwhile @senatemajldr and Dump sell the country behind close doors to highest bidders.     #FuckTrump https://t.co/OXSr9DVQrM,0,1,0,0
306,6751,Akbaruddin Owaisi returns home to Hyderabad. @imAkbarOwaisi  #AkbaruddinOwaisi #Hyderabad #AIMIM #Telangana,0,0,0,0
307,3126,@_TheRealOJ32 @LD_Allan I think you are a #murderer,1,1,1,1
308,3609,"‚ÄúI think I‚Äôd like to hear it,‚Äù - Trump when asked if he would accept foreign opposition research aid.      You are not being a patriotic American if you still support Trump. He is fucking all of America over, including you.     #fucktrump #TrumpIsACriminal #TrumpIsADisgrace",1,1,1,1
309,6985,What is the definition of Minority?    What are the parameters to identify Minority?    Who is Minority in these States    #OneLawOneConstitution Campaign will be launched on 6th July 6pm from India Gate.    Pl join with family & friends     #‡§è‡§ï_‡§µ‡§ø‡§ß‡§æ‡§®_‡§è‡§ï_‡§∏‡§Ç‡§µ‡§ø‡§ß‡§æ‡§® ‡§Æ‡§æ‡§Ç‡§ó ‡§∞‡§π‡§æ ‡§π‡•à ‡§π‡§ø‡§Ç‡§¶‡•Å‡§∏‡•ç‡§§‡§æ‡§®,1,0,0,1
310,6420,"When it all comes down to it we all want the same, Jobs health education and peace,  FFS just give NI the Backstop and let GB leave the CU&SM until they get a future trade agreement just do the right thing.",0,0,0,0
311,1426,Who's next on the hit list? #SarahSandersResigns   #TrumpCrimeSyndicate #TrumpAdministration   #TrumpIsATraitor #CorruptGOP #TrumpMustResign https://t.co/qotxtcfs6O,1,1,0,1
312,3776,"@ericswalwell Have you moved from 0% chance to at least 1% in the polls as a result of this very pathetic ad?? üòÇ  You keep embarrassing yourself time after time, it‚Äôs priceless! #douchebag ü§°ü§°",1,1,1,1
313,3498,#ShameOnICC wondering the number of gaalis ICC is going to get in case IND-PAK match is cancelled on account of rain!!,1,1,1,1
314,3710,Vigilantes Helped Steve Bannon‚Äôs Group With Private Border Wall Near El Paso #Resist #ResistTrump #FuckTrump https://t.co/vFmZgeb5CI,0,1,0,0
315,5474,"Dear @AOC, are you 35 yet? America needs you in the White House. Sincerely, the United States of America. Please and thank you #fucktrump #aoc https://t.co/9PF9UPbFuM",0,1,1,1
316,3754,"@ICC should have so many better options to stop rain üòÅ ,But they are not willing to doing anything.#ShameOnICC https://t.co/gaKtXNUZVi",0,1,0,0
317,2181,"#BCCI You guys are truly assamed of you the indipendent body and representing the country whose has this much cricket fans,   Be strict and stand with #DhoniKeepsTheGlove ,",1,1,1,1
318,1237,"Aw, come on, man! @realDonaldTrump getting trolled on his birthday? üéÇ Son of a bitch! On #JohnMCainDay?! Aw, damn it! Looks like #WreckItRalph is going to crash the party tonight.     #TrumpCriminalInvestigations #TrumpBirthday #TrumpIsATraitor #FactsFirst #FlagDay #FathersDay https://t.co/PljQIjnQQJ https://t.co/sbDmJCMJT6",1,1,1,1
319,2740,@newtgingrich your @Newsweek opinion piece is a joke...just like you.    https://t.co/az1C7U2elj    #fucknewtgingrich #fucktrump #fuckthegop #draintheswamp #voteoutgop #gop #politics,1,1,1,1
320,2973,Bengal healthcare in coma as over 700 doctors quit!  #DoctorsFightBack  #Savethedoctors https://t.co/gTOkSy1yBF,1,1,1,1
321,4690,Zaghari-Ratcliffe‚Äôs husband 'resented Boris Johnson'    https://t.co/T9EE7R4Jve  #BorisJohnsonShouldNotBePM   #FreeNazanin,1,1,1,1
322,4431,#FuckTrump  DEMS SUCK  DEMS SUCK https://t.co/f7lWYCsrBN,1,1,1,1
323,114,I urge every Indian to send mail to icc at enquiry@icc-cricket.com with this image asking them why he can‚Äôt keep the logo on that glove ?   #DhoniKeepTheGlove  #DhoniKeepsTheGlove https://t.co/OYP3eJcGCt,1,1,1,1
324,4051,"@realDonaldTrump You're as delusional as ever. The economy sucks.  No healthcare.  Funding cut to Medicare, schools and Special needs children and adults.  Your so called 'wall' is a joke.  You are responsible for the kidnapping &amp; murder of innocent refugee children.  #Murderer  #WeakLoser",1,1,1,1
325,2136,#ShameOnICC #CWC19 #CWC2019     *Rain Conditions Explained* https://t.co/Sfi4pzuxIX,0,1,0,0
326,560,"Payday lenders switched their trade show to a Trump hotel and sent Trump at least a million bucks, then he gave them carte blanche to make billions preying on poor people #Resist #ResistTrump #FuckTrump https://t.co/yGOalOeRrn",1,1,1,1
327,2481,#DonaldTrump Has Sold Out America To The Fricking Enemy Russian Commie Soviet 'REDS'  #MoreSanctionsOnRussia 'NOW'  #FuckTrump  Nuff Said ! .üò† https://t.co/hYPhOaUrcw,1,1,1,1
328,4406,"There should be only one punishment for #Rapists, hang them till death in public.  And the supporters of #Rapist (religious or political) should rot in jail until they become Humans.    #TwinkleSharma, #Asifa, #UnnaoVictim &amp; all Rape Victims should get justice asap.     #KathuaVerdict",1,0,1,1
329,3848,@clevelanddotcom #ImpeachTrumpNow   #ImpeachmentInquiryNow #fucktrump   #TraitorTrump #RussianAsset #GOPTraitors #NationalJohnMcCainDay #NationalSecurity threat #CriminalInChief   #ImpeachTheMFTraitor,1,1,0,1
330,5932,'My prime focus this morning is to speak as loudly and confidently as possible whilst actually spouting the most incoherent stream of shit conceivable.',1,0,1,1
331,2008,Do you want to see today @msdhoni like this sir @sachin_rt ?    #AskStar #sachinopenagain #INDvAUS #WorldCup2019 #live #msdhonigloves #DhoniKeepsTheGlove https://t.co/E05fjfROCC,1,1,1,1
332,3794,https://t.co/mN9i1OwGg1 They should have got #MrBlobby to take his place. He talks about as much sense as #BorisJohnson does. #BorisJohnsonShouldNotBePM,0,0,0,0
333,4274,@NSoames @BorisJohnson He can do a speech about sheep and sharks though #BorisJohnsonShouldNotBePM,1,1,1,1
334,2729,@DavidWohl You fool .  Blocked! #TrumpIsATraitor #ImpeachTrumpNow https://t.co/EZx926HFtV,1,1,1,1
335,1104,@matthwatson @TheRealOJ32 We know the real OJ. #murderer,1,1,1,1
336,5830,@realDonaldTrump @senatemajldr @MarkWarner No patriotic American will ever stop wanting to see criminals behind bars.    #LockTrumpUp  #ImpeachmentInquiryNow   #ImpeachTrump   #ImpeachBarr   #ImpeachMnuchin  #TrumpIsATraitor,0,0,0,0
337,5403,@ACTBrigitte Ahhh did trump's feelings get hurt?  Too bad it's #JohnMcCainDay #JohnMcCainDayJune14 and trump is #DerangedDonald #TrumpIsATraitor #TrumpsAnInternationalDisgrace #SarahSandersLied #ditchmitch #TrumpMustResign #LawlessPresident #JohnMcCainDay #FridayThoughts,1,1,1,1
338,1394,@realDonaldTrump Not like Crif???ü§∑‚Äç‚ôÇÔ∏è  #SenileAF #StableGenius #racist #rapist #pervert #treason #Resist #UnstablePresident #25thAmendmentNow https://t.co/U3U26unzbB,1,1,1,1
339,2122,@BleacherReport @brhoops Literally have seen 7th grade girls basketball with FAR better shooting technique and overall look than this bozo.  #douchebag,0,1,0,1
340,3920,@marcorubio Mohamed Bin Salaam - #murderer #liar    Iranian Clerics- murderers liars    Don Trump - #compulsiveliar #cheater #thief     See the problem? It was bound to happen.,1,1,1,1
341,5585,@KP24 @ICC can see @msdhoni badge but doesn't see the ground was not covered.  Most developed Country in üåè and call üèè as the national sports Yet can't do anything for the biggest tournament. Learn something from #EdenGarden  #ShameOnICC #WorldCup2019 #iccraincup2019 #CricketKaCrown https://t.co/TKfg1rJPeh,0,1,0,0
342,5882,Some Democratic presidential candidates have committed to end Trump's Muslim Ban on day one of their presidency ‚Äì but all of the candidates need to do the same.    We call on every participant in this week's #DemDebate to join them. #RepealTheBan,1,0,1,1
343,5146,"#SkyNews   #BorisJohnson  What about your distasteful comments about #Muslimwomen   #BorisJohnson Is #AntiMuslim #islamaphobic   He will also bring his father,  brother and sister into Downing Street , a Johnson dynasty,  just like #Trump üôÄü§¢ https://t.co/rxXMxSaaU6",1,1,1,1
344,1794,‚ÄúThey call me free but I call me a fool‚Äù -Train   #words #word #writing #nightwriting #nighttime #poetry #poem #thoughts #questions #love #life #humans #fucktrump #resist #hope #doubt #train #free #ihbp #lmg @ Isle‚Ä¶ https://t.co/xZvJF8J0gc,1,1,0,1
345,2504,@realDonaldTrump #FuckTrump #BollocksToBoris     Meet the 'Dimmer' twins!! https://t.co/HJvajc0jjS,1,1,1,1
346,1819,Vox Sentences: ‚ÄúNothing wrong with listening‚Äù #Resist #ResistTrump #FuckTrump https://t.co/OXNdZhnTKj,0,1,0,0
347,3959,This bozo is happy for the country to have a PM deciding how much scrutiny he gets. The less the better it appears. üôÑFFS. #BorisJohnsonShouldNotBePM https://t.co/SosAKxtGSG,0,0,0,0
348,69,Throwback to the time when Pak dedicated an entire match to its army and the ICC didn't even flinch. India must not be pressured by ICC and change #Dhoni gloves. Don't let Pak win. Boycott the WC India!    #DhoniKeepTheGlove #DhoniKeepsTheGlove #DhoniKeSaathDesh #DhoniKeepTheGloves https://t.co/pcJdN21liN,0,1,0,0
349,2304,"@TJGIII @hmgave @DeWayneLehman @meridithmcgraw @SquawkCNBC For the first time in 9 years, our economy has dropped from 1st to 3rd.     #FUCKTRUMP",0,1,0,1
350,2714,@RepChrisStewart ‚Äî‚Äî    @RepChrisStewart hitched himself to the #TrumpTrain of lies today.      Chris will get an education as he‚Äôs dragged through the mud.     Sad!    #VoteBlueNoMatterWho   #TrumpIsATraitor     ‚Äî‚Äî-,1,1,1,1
351,2462,dating moms taking young dick video asian doctor chubby chinese pussy angela sora fuck lesbian pic.twitter.com/73dNc6cjJS,1,1,1,1
352,4612,Great round up of last night's televised debate by @JohnJCrace. Can we say that democracy is dead yet? #C4Debate #Brexit #BorisJohnsonShouldNotBePM    Silence is golden as Boris's lectern wins Tory televised debate | John Crace https://t.co/4j7piqReEh,1,1,1,1
353,3916,@RepDLamborn Liar! You have no rights to make decisions on behalf of women. This is NOT infanticide but the kids YOU are killing at the border is indeed. #murderer,0,0,0,0
354,2170,And the World Cup goes to ICC !!!  #ShameOnICC @ICC,1,1,1,1
355,535,"I'm laughing so hard, I can barely type this. I was literally threatened with this:     'Crawl back in to the hole you live in or face the wrath of the #Scottbaioarmy '     What do you think CHACHI will do? #Resisters  #Resistance #TrumpIsATraitor",1,0,1,1
356,5675,@goodoldcatchy This is all accurately perfectly written ‚ÄîBut calling him a pervert isn‚Äôt exactly good enough.  He‚Äôs a #Racist #PussyGrabbing #Misogynistic #Pedophile #Rapist      @POTUS,1,1,1,1
357,6263,Majority of these are fake news. 'Muslim ban' was countries where terrorist were operating. 'Mexicans are rapists' was referring to the smugglers. Even Huffpost said 80% women and children are raped crossing the border.,0,1,1,0
358,3361,"Trump, Forgetting Jonah Incident, Admits To Talks With Prince Of Whales #Resist #ResistTrump #FuckTrump https://t.co/QcNQs4Ea69",1,1,1,1
359,3851,Mr Johnson as Mayor of London. And this man could be our Prime Minister. #BorisJohnsonShouldNotBePM #ToryLeadershipElection https://t.co/Oltd7JC4EG,0,1,1,0
360,4418,#etsy shop: Benedict Donald so called president is a traitor Short-Sleeve Unisex T-Shirt https://t.co/cFqiGN6kbT #clothing #shirt #streetwear #trump #impeach #treason #traitor #fucktrump #impeachtrump https://t.co/g59Zi4jx3D,1,1,1,1
361,1278,"Between this fight of TMC &amp; BJP, these doctors are paying price of doing their work with dedication.    A junior doctor in BHCM was beaten to an extent that his skull fractured and he is fighting for his life in ICU.    I fully support #DoctorStrike.üôè    #SaveBengal #DoctorsFightBack https://t.co/ZiT8qUzVEZ",1,1,1,1
362,1384,https://t.co/SV0zkbLaNZ    Written by one of the protesters in Kolkata. Read through their agony and pain.   #BengalDoctorsStrike #DoctorsProtest #DoctorsFightBack  #DoctorsStrike #DoctorsUnderOppression https://t.co/BrEbPYoZfO,1,1,1,0
363,4903,"I was at a self check out in a grocery store a few minutes ago. 3 guys behind me are saying; Look at her left hand, she's single. Should we rape her?' This is Trump world, where raping can be discussed at the store. #FuckTrump #ImpeachTrump",1,1,1,1
364,833,If England can do this  so why not india can do this   #ICC #Balidan #DhoniKeepsTheGlove https://t.co/Hfj3HklEfu,1,1,0,0
365,2680,@JeffreyToobin Look at him...enjoying life...He robbed 2 people of theirs and couldn‚Äôt care less...#Murderer,1,1,1,1
366,3620,@BrexitBin @guyverhofstadt I wonder if this nitwit has ever bought a car on the never never and refused to pay for it after taking delivery claiming ‚Äúit‚Äôs my money‚Äù. #dickhead,1,1,1,1
367,6958,I urge my fellow Indians to wholeheartedly support the #JalShaktiAbhiyan.     Let us leave no stone unturned in strengthening the mass movement to conserve water. #JanShakti4JalShakti,0,1,0,0
368,5607,@realDonaldTrump I just threw up in my mouth a little bit. #Montana #ImpeachDonaldTrumpNOW #TrumpIsATraitor,1,1,1,1
369,821,If you curl 55lbs in a squat rack you might be a #douchebag,1,1,1,1
370,5466,"@TheRealOJ32 After I tell you to rot in hell, I‚Äôll go back to pretending you‚Äôre there already. #murderer #abuser",0,1,1,0
371,882,"@indian_gokul @narendramodi This man completely nailed Mamata, her politics and her hypocrisy. #DoctorsFightBack https://t.co/yvSI1nr5Zp",1,1,1,1
372,373,@TomLondon6 the phwaarr factor i.e making a noise with your mouth but not saying anything    #BorisJohnsonShouldNotBePM,0,1,0,0
373,1761,#ShameOnICC  @BCCI @cricketaakash @cricketworldcup @ICC        üáÆüá≥#INDvPAKüáµüá∞             #16June         #Manchester  Is that Possible for Biggest Battel On English Ground.....#iccüò¥üò¥üòüüòí https://t.co/hW7GrxlpfC,1,1,1,1
374,1093,This is so disturbing #murderer  #nurse   https://t.co/ldUPB9hk8Y,1,1,1,1
375,4807,@BethRigby @RoryStewartUK He‚Äôs a #dickhead,1,1,1,1
376,4006,Trump admin's case for census question is bogus #Resist #ResistTrump #FuckTrump https://t.co/PgjzkPooun,1,1,1,1
377,4389,"Trump wants to paint air force 1.   No doubt some gaudy  over the top paint job. Hes got zero taste for a guy that thinks hes a design genuis. Its always loud obnoxious designs that he thinks looks classy.  Leave it alone , crazy person.   #TrumpisaTraitor",0,0,1,1
378,4121,With no doubt this is a total insane and illiterate behavior.     https://t.co/OReHVIt9hZ    #imranhataomulkbachao #ShanghaiCooperationOrganisation,1,1,0,1
379,1277,#ShameOnICC  Britain better pray that #INDvPAK doesn't get rained out.     There will be riots otherwise.,0,0,0,0
380,4740,@realDonaldTrump The US military is not briefing the Deranged Donald Trump on major cyber warfare operations against a hostile foreign power because they do not trust the president not to betray those operations to that hostile foreign power. #TrumpIsTheEnemyOfThePeople #TrumpIsATraitor #MAGA,1,1,1,1
381,2679,@yohiobaseball @TheLastRefuge2 #BoycottChina if you want a system of fair and reciprocal trade.,0,1,0,0
382,3640,"@realDonaldTrump This daft orange shitgibbon has no clue how tariffs work. China or whatever country doesn't pay for it, the country  IMPORTING the product pays for and that is passed right along to the consumer. Tariffs rip even more money out of U.S. consumer's wallets. #FUCKTRUMP #ResignNow",0,1,0,1
383,845,Who was talking about 'audacity' again?  #DoctorsFightBack #DoctorsProtest #DoctorsStrike https://t.co/9cbvMApDWb,1,1,1,1
384,4076,"Hey, Jack.  Yoohoo, yes you, J‚Ç¨rk Off!!  What's with #ChaoChow's connections, eh?  You two'se skimmin' are ya?  Like you takin' #US as your personal cash machine?  Is that it, #douchebag?  #KochBrothers got a ring in your nose?? https://t.co/IDBPOXRmLw https://t.co/M00c8heKNa",1,1,1,1
385,2271,"For cricketer like Sunil Gavaskar world cup is everything! #shame   Let any team win world cup, we don't care. We care for pride and self respect of our Army / Nation first.  @sardanarohit   @ICC @BCCI @cricketworldcup @ICCMediaComms @msdhoni   #DhoniKeepTheGlove #DhoniKeepsTheGlove https://t.co/YTwfS3HreU",1,1,1,0
386,4994,"So the @ICC thinks that showing a religious practice on the ground is okay, but wearing one's military badge of honour is harmful!  #ShameOnYouICC   #DhoniKeepsTheGlove https://t.co/PgzSCzw6ff",1,1,0,0
387,3130,@gailendavid @PressSec @realDonaldTrump They're going to quickly throw her ass in a retirement home and be done with her as soon as they get the chance. #FUCKTRUMP,0,1,0,0
388,5597,@PaulJHenshaw @radi_georgi @DevonRexUK1 #Dickhead as an alternative... https://t.co/xAfY4gR28p,1,1,1,1
389,4621,Ways and Means Committee Chair Doesn‚Äôt Want Medicare-for-All Hearing to Mention ‚ÄúMedicare for All‚Äù #Resist #ResistTrump #FuckTrump https://t.co/jNLPRWNDU0,1,1,0,1
390,5505,#GandiNaaliAbuse  How can a PM of a country be abused like this.?Gande keede hi Gande Nale ki baat karenge,1,0,1,1
391,4712,"@Emmabarnett MPs who support a candidate with serial misbehaviour to be PM (#BorisJohnsonShouldNotBePM ) will face the music when they come for re-election. #BorisJohnson is the blankey blank candidate who can't be bothered to defend what he is suppose to stand for, so why back a blank brain?",0,1,0,0
392,6824,It looks like Petrol Pump guys ,1,1,1,1
393,6857,Mohammad Sabir gave #TripleTalaq to Zainab when she asked ‚Çπ30 to purchase vegetables & beaten her on road. FIR registered u/s 498A in Noida.    Sabir has 4 children over 9 yr of marriage.,1,1,0,1
394,2568,Let's get #TrumpIsATraitor trending?,1,1,1,1
395,175,@realDonaldTrump Has she gone looking for any remaining fragments of her soul? #Trump #TrumpIsATraitor,1,1,1,1
396,1622,@ICC i think u do have some work rather than seeing on dhoni's gloves...if u don't have then i can suggest u to improve the quality of ur great umpires ..plz go and improve the quality bcz #DhoniKeSaathDesh   #DhoniKeepsTheGlove   #BalidanBadge,0,0,0,0
397,1154,Why in the hell is OJ Simpson on Twitter now???? Who would be stupid enough to follow him on here or even tweet to him?? #Murderer,1,1,1,1
398,4341,"@Hephaestus7 #EstherMcVery said, only yesterday, that drug addicts use food banks to fuel their addiction.  She isnt sorry. And we wouldnt accept an apology anyway.  The only thing we will accept is a trial.    #Murderer #Austerity #JusticeNow #Criminal #UniversalCredit #DisabilityLivingAllowance",0,0,1,0
399,1285,@ShefVaidya @MamataOfficial It is really if you got stroke any one is delaying to give treatment you come to know so support @MamataOfficial #DoctorsFightBack,1,1,1,1
400,2419,@republic Abusing Modi who is taking Bharat on top ranking on world map Shame #GandiNaaliAbuse,1,1,1,1
401,5987,Johnson you liar. You don't give a flying one for the Irish,1,1,1,1
402,5279,' #KenBurns wants ALL of us to remember Donald Trump‚Äôs extreme response to the Central Park Five case.'   #FUCKTRUMP  üñïüñïüñï#impeachtrump #CP5 #deathpenalty #realDonaldTrump #slavepatrol #system #rikersisland #judges #court #LindaFairstein #ElizabethLederer https://t.co/q4am4ttWVi,1,1,1,1
403,6178,Germany/Belgium/Bosnia Herzegovina: #Germany hands over a #Bosnian national to #Belgium in connection with the #November 2015 #ParisAttacks #terrorism #BREAKING http://sdb.esisc.org/Incident/View/ca167607-a160-4563-a0d4-ec5bdecabc4e¬†‚Ä¶,1,1,0,1
404,5636,@CityNews @Twitter I think he's done quite enough already #Murderer #OJSimpson,1,1,1,1
405,665,@zerohedge Trump trying to take us to another war! #fucktrump #maga #magaidiotsareidiots #FalseFlag #trumpdistractons #trumpsucks,1,1,1,1
406,6251,"Lol...anyways..MUSLIMS invented flying donkey, flat earth, sex with goats, donkeys and minors girls. We definately wont be doing that. No one else would do it.",0,1,0,0
407,2785,"Well, well, well--the first domino has fallen. See: Former White House aide Hicks agrees to testify to House panel investigating Trump https://t.co/bbNSM6xVuc  #TrumpObstructedJustice #TrumpisaTraitor",1,1,0,1
408,4252,"@TheRealOJ32 Repent, you devil. #MURDERER",1,1,1,1
409,4710,"@matthewamiller Because there are no consequences to individual #1. He basically advertised for free on TV that he is open to foreign help.  Case by case, using what criteria? ü§î  #TrumpIsACriminal  #ImpeachDonaldTrumpNOW #TrumpIsATraitor",0,1,0,0
410,5247,Trump and his fascist regime are destroying our country. #FuckTrump #TheLiberalResistance #LiberalResistance https://t.co/nZ1Y42357T,1,1,1,1
411,1357,"Fact Four  @RoryStewartUK makes documentary aired on BBC2 and wins Scottish BAFTA  #BorisJohnson presents history television show. Then produces a sequel, through his own production company,  #roryforleader #BorisJohnsonShouldNotBePM",1,1,1,1
412,4791,@The_OJSimpson32 You are a murderer. We will NEVER forget. You will get your justice when you meet your maker. #MURDERER #NicoleBrownSimpson,1,1,1,1
413,3066,@VoiceofmyBharat 700 doctors have quit in Bengal. 700.    Bsdk when are you planing to speak on this?     #SaveBengal #DoctorsFightBack,0,1,0,0
414,3236,#DhoniKeepsTheGlove instead of focusing on Dhoni‚Äôs gloves ICC should focus on improving umpiring.,1,1,0,1
415,4119,"Hi Indians üëã  Will Mr. Dhoni today use controversial gloves being a patriot which are banned by ICC ???  If Your Answer is No, than start strike in india and force Modi and BCCI to stop Indian team to Play WC.    #CWC19   #INDvAUS   #DhoniVsICC   #DhoniKeepsTheGlove   #IndiaWithDhoni",0,1,0,0
416,3826,"ICC didn't give the permission to Dhoni to wear the glove with the Balidaan badge. We all know what happens when people mess with Kohli. Now, we'll see what happens when you mess with Dhoni.  #DhoniKeepsTheGlove #WorldCup   Remember this tweet.",0,0,0,0
417,3019,I seriously feel @MamataOfficial has gone mad ans lost mental balance. I never seen any CM in my whole life who goes to protest site and threaten protestors. Never ever in my life.     #DoctorsFightBack,1,1,1,1
418,3401,Mine is also country. @BCCI @ICC #DhoniKeSaathDesh #DhoniKeepTheGlove #DhoniKeepsTheGlove #Dhoni #DhoniKeepBalidaanBadgeGlove https://t.co/zA98NJBCU4,1,1,1,0
419,1916,"@wsyx6 @realDonaldTrump #FuckTrump we don't claim him, in the Gemini World!",1,1,0,0
420,2358,@TheTweetOfGod Special Birthday Song for Drumpf! #fuckTrump    https://t.co/xUJXn58XyC,1,1,1,1
421,2421,"Personally, I say lets go the whole hog & get @BorisJohnson elected to PM. Him & #Trump would be a bumbling comedy double act destroying lives & the planet but making great TV! After all, it's not about policy, it's about personality & pandering to fear. Fuck your kids future! ",0,1,0,0
422,4385,Welcome to ICC (Islamic Cricket Council) where Pakis offering namaz is peaceful &amp; obedient af.But Dhoni‚Äôs gloves with balidan(sacrifice) badge is offensive &amp; ‚Äòagainst the rules‚Äô.    #DhoniKeSaathDesh #IndiaWithDhoni #keepthegloves #DhoniKeepsTheGlove #BoycottWorldCup #BoycottICC https://t.co/TfNZkG1A4U,0,1,0,0
423,4273,"Dear @ICC you may try removing the Army insignia from @msdhoni's Glove,  But you can not remove his love for nation from his heart!  We people of India are with Dhoni always ‚ù§üáÆüá≥ #IndiaWithDhoni  #DhoniKeepsTheGlove #BalidanBadge https://t.co/WKomUqUBK3",1,1,0,0
424,4760,"Bojo is a dessembler extraordinaire , call him on his lies ! #BorisJohnsonShouldNotBePM #borisisaliar #borisbehindbars https://t.co/XrsJTwsv7u",1,1,1,1
425,4513,@MidWalesMike @jeremycorbyn Ahh yes. The Tories are responsible for Ford deciding not to make any more engines.  I get it now. #dickhead,0,0,0,0
426,6335,"Yeah, even Muslims don‚Äôt eat other than halal but loves to sex with Hindu women, here no halal ",0,0,0,0
427,6292,"Or Tory strengthening and no need for Arlene and bored in Irish Sea and move on , he will dump DUP if he can and problem sorted",0,1,1,0
428,2871,Fuck this noise pic.twitter.com/hagsuY2IEC,1,1,1,1
429,2492,Keep it moving #TrumpIsATraitor #ImpeachmentInquiryNow https://t.co/Q0rsoNgRPc,0,1,0,0
430,4901,Have you never been to a doctor? Do you not know even ONE ? Does it embarrass you that we're not a matter as hyped up as  #PrayForParis? Or are you just violent &amp; sick enough to believe that doctors deserve what they get?    You should be ashamed.  #DoctorsFightBack #IstandwithNRS,1,1,1,1
431,2928,A long fucking time ago! #fucktrump the lying orange idiot https://t.co/zKOrkUmI6j,1,1,1,1
432,6277,Less bin&same sex marriage not ethics recycle of nature epic in democracy.less ss bin vot bank more judged us.We make begur them in society&UNESCO.Bcs they are not born new purely soul of light. It's death mother purely soul of light and inner emotion of nature love ethic.,0,0,0,0
433,4120,Caption Needed.   #ImranKhanPrimeMinister #imrangoldsmith #imranhataomulkbachao https://t.co/J1OqUERp0C,1,1,0,1
434,4872,"Seen at the Rally yesterday.     Translation : Why should we leave hostel? Is it your party office? In order to enter into this hostel, one needs to clear NEET exam, and you don't have such capability.    #SaveTheDoctors #SaveTheSaviours #DoctorsFightBack https://t.co/gqYMf8CfTe",1,1,1,1
435,3384,@ICC @cricketworldcup what is this icc..is there  no religious practice in cricket field?? How can u partial towards nation and different rule for different country? #ShameonICC https://t.co/OPS21dgAMY,1,1,0,0
436,2658,@DearAuntCrabby @pkb50 #TrumpIsATraitor  #McCainsAHero #HappyJohnMcCainDay and do not forget #PenceKnewEverything,0,0,0,0
437,354,AIIMS Delhi doctor continues protest against Bengal violence wearing helmet in viral photo https://t.co/CbMlxmCv9f  #SaveBengal #Savethedoctors #HinduSamrajyaDiwas #DoctorsFightBack,1,1,1,1
438,6407,"Try serving non halala meat to person practicing Islam and then tell food has no religion you hypocrites ,",0,0,0,0
439,1322,I can't believe this is real. #trump #douchebag #pride2019 #Pride #PrideMonth #mikepence https://t.co/iUQ7p1RI6F,1,1,1,1
440,3368,@realDonaldTrump is still presisent. Is there anything we can do about making him ex-president? #NotMyPresident #JohnMcCainDay #fucktrump #ImpeachTrumpNow #orangemenace,1,1,0,1
441,1945,"#DoctorsFightBack: 'We're not outsiders, we're not BJP, we're not CPM, we're Doctors,' say protesting doctors at Kolkata's NRS Hospital refuting Mamata Banerjee's claims    https://t.co/rp4zoCyTaj",1,1,0,0
442,3346,@ANINewsUP @zoo_bear Stone to death.    #Rapist,1,1,1,1
443,6241,At first Mamata Didi threatened BJP workers    Later she threatened the Doctors who were attacked by 'Dara Hua' youths    Now she has arrested Primary teachers    * Their mistake was that they demanded salary hike    Hence proved that LEGAL things are not permitted in Didi's Bengal,0,1,0,0
444,6787,Attack on any place of worship or worshippers is an attack on the very pluralism & diversity of our dear country.    This act of vandalism is highly condemnable & I demand that the culprits be prosecuted & convicted in a time-bound manner,0,0,0,0
445,2465,Basically Congress and it's allies do not like Hindus and PM represents as a Hindu which they absolutely reject. Entire Congress and it's supporters should be thrown out of this country. \n#GandiNaaliAbuse,0,1,0,0
446,6209,Go on then? All sorted is it?,1,1,1,1
447,3176,#spermineye #rapist #weed #waitTHEconversationto make you cleanse me,1,1,0,0
448,6162,What r Muslims in India doing on #TripleTalaqBill ?   Their lack of knowledge about Islam clearly exposed. Is there none who can explain talaq procedure in Islam frm Qur'aan n Sunah at court/parliament?.   Islam never encourage triple talaq. It's a disgrace permission like begging.,0,1,0,0
449,3280,@SBSNews He should have received the death penalty as did his victim. #Murderer,1,1,1,1
450,3737,Alabama woman claims court is letting her #rapist uncle see their kids https://t.co/2o7hidetvy via @MailOnline,1,1,0,1
451,2999,"@IvDeirdre Who was the attorney for  #CoreyJones family against #murderer, #NoumanRaja? üò®",1,1,0,1
452,3147,@CMofKarnataka @DVSBJP @BSYBJP How come @BJP4Karnataka not forcing Ruling govt for CBI investigation? #IMAfraud SIT and CID means just washing hands. Victims will not get justice best example is #TGSFraud,1,1,1,1
453,4095,Save the saviour #Savethedoctors   #SaveBengal   #DoctorsFightBack https://t.co/vRtTvRw7WH,1,1,0,1
454,4837,"@wvjoe911 What in the HELL is WRONG with #Alabama?  State law FORCES #Rape #Victim to allow #ParentalRights to #RAPIST?   F,,,ing SICK!   #BoycottAlabama till this CHANGES!   https://t.co/n3jTBGz8RC",1,1,1,1
455,6965,Commemorating the great warrior queen Laxmibai of Jhansi on her death anniversary. One of the bravest women the world has seen!   #RaniLaxmibai #JhansiKiRani #‡§≤‡§ï‡•ç‡§∑‡•ç‡§Æ‡•Ä‡§¨‡§æ‡§à ,1,1,1,1
456,4742,The Trump administration is putting LGBTQ immigrants in solitary confinement #Resist #ResistTrump #FuckTrump https://t.co/UvexTzPcTb,1,1,1,1
457,6754,"Losing is okay, but not even trying to win is sad...     #INDvENG",1,1,1,1
458,3009,So I didn‚Äôt watch the debate last night.  They‚Äôre Tories - for me the best I can hope for is the least worst.  Just PLEASE don‚Äôt inflict #TrumpLite on Britain    #BorisJohnsonShouldNotBePM,1,1,1,1
459,5684,"@realDonaldTrump #HappyJohnMcCainDay -&gt; #Donald #JohnMcCain #Trump    @thesecret called to say that's not how it works,  you can change yourself not reality.    #TrumpIsNotAboveTheLaw #TrumpIsATraitor  #JohnMcCainDay #16th #June16 #June16th  #HappyFathersDay to actual fathers. #JohnMcCain  faux king #FBR https://t.co/Z2gjEWovJD",1,1,1,1
460,6472,"@MamataOfficial Begum Mamata worry not.    Wise People of West Bengal kick you out of office soon now.    Your arrogance,    your anti-Hindu stand,    anti-Doctors stand,    anti-Indian culture stand,    your WB anti-development stand,    your anti-Muslim development stand    brings you down.",1,1,1,1
461,3042,"@superfooty @Robbo_heraldsun He's appalled at the reaction of the people to his measures, not the measures themselves.  #dickhead",1,1,0,1
462,700,Hey #doctors_against_assualt and #IMAFraud and @BJP4India @MukulR_Official @me_locket @KailashOnline @drharshvardhan @MoHFW_INDIA  üëáfor partisan and divisive guys like you https://t.co/Zvyr9oon31,1,1,1,1
463,4122,@Eleven_Films lol #OJSimpson 'has a little getting even to do'    thankfully knife blades can't penetrate my twitter account    #murderer,1,1,1,0
464,3069,@realDonaldTrump @foxandfriends Trump campaign to implode on Sunday night when @ABC airs @GStephanopoulos interview!  No doubt they saved the most damaging and shocking elements for Sunday!  #Trump #Trump2020 #ABC #TrumpIsATraitor #JohnMcCainDayJune14,1,1,1,1
465,4530,"@ESPNcricinfo Is espncricinfo handler Pakistani or aussie, his hatred towards Indian is just too much   Pakistani don't boo they jump with suicide belt and BOOM!!  @SirJadeja   @AskAnshul     #terroristNationPakistan   #boycottespn @espn",1,1,1,0
466,4970,@BCCI They are going to Manchester to see rain #ShameOnICC,1,1,1,1
467,2490,Thank you Honourable @nsitharaman ji. Getting supported  by nation matters a lot for every person in the country.And you always support every good thing as parents do.Thanks for supporting @msdhoni  #DhoniKeepsTheGlove it shows that the team @narendramodi is Best .@poonam_mahajan https://t.co/f5v3eC09Od,1,0,1,0
468,1881,Hyderabad - NIMS     Woman (46) admitted with multiple organ failure died. Family chased resident doctor (Muslim) and beat him. #DoctorsProtest #DoctorsFightBack https://t.co/5a4P40eFYi,1,1,1,1
469,1671,@NatureisScary #showingoff for a #girl works out #again   #douchebag   #swan is what does that to a pond #btw. They uproot vegetation. #paz n #love,1,1,0,0
470,6035,"This Photoshoot Of A Hindu-Muslim, Same Sex Couple Proves That Love Has No Boundaries https://www.scoopwhoop.com/lgbt/photoshoot-hindu-muslim-same-sex-couple-love-has-no-boundaries/#.c8uk53w2f¬†‚Ä¶",0,1,0,0
471,5151,Just pray for 16 june..üôèüôè...we have waited for 4 years for epic encounter not for this shit planning of worldcup matches #ShameOnICC #INDvsPAK #CWC19 @cricketworldcup @ICC @BCCI https://t.co/XudpccE1qR,1,1,0,1
472,5226,"I noticed recently Jamie Oliver's restaurants closing,I only really remember how he said he won't employ English people because they are lazy ,#dickhead",1,1,1,1
473,1098,"@next_china @tculpan And we will rally against it, #boycottChina #IPtheft #humanrightsviolations",1,1,0,1
474,768,#DoctorsFightBack vs #LeecheeFightBack how many competent Doctors Intelligent General Class (NonResereved) in Bihar to save babies!,1,1,1,1
475,2013,Anyone want any carpets taking up let me know I‚Äôll send our Reggieüê∂ he‚Äôs just done a lovely job in my bedroom ü§¶üèª‚Äç‚ôÄÔ∏è #staffy #darkdestoryer #dickhead,1,1,1,0
476,5534,@sdr_medco Biggest traitor in American history!  #ImpeachTrump #TrumpIsATraitor #imprisonTrump,1,1,1,1
477,6552,Tell that fanatic not to use any car or buses or aeroplane which use Muslim petrol diesel.,0,1,0,0
478,5746,"Abu Taher Khan, MP, AITC threatened Junior Doctors of MURSHIDABAD MEDICAL COLLEGE &amp; HOSPTITAL Publicly and provoked others to attack.   Shame Legislator shame...    We r not afraid of such threatening..   #juniordoctorsunity #DoctorsFightBack",1,1,1,0
479,1539,@realDonaldTrump ‚Ä¶ says the guy who was installed by Putin!    #NotMyPresident   #ImpeachTrumpNow   #TrumpIsATraitor,0,0,0,0
480,805,@MSNBC Sanders knew she was lying and admitted it under sworn testimony #TrumpCrimeFamily #TrumpIsATraitor #TrumpLiesEveryTimeHeSpeaks #45IsAcriminal,1,1,1,1
481,5501,Is @BorisJohnson having a FUCKING LAUGH? His plans to cut taxes from the rich are to come out of a proposed raise to employee national insurance? Why the FUCK do I have to pay more so that people richer than me can have even more money  they dont fucking need? #tory pic.twitter.com/PVr1enzDWI,1,1,1,1
482,6022,The monkey would be much more interesting in my opinion! #fucktrump #RacistTrump #RapistInChief @POTUS,1,1,0,1
483,1198,"All those Tukde tukde gang award wapasi gang , democracy in danger gang etc   Don't consider doctors as part of society   These draculas have no sympathy for doctors   Only they want is VVIP treatments   Shame on them   #DoctorsFightBack",0,0,1,0
484,3665,@MamataOfficial You r the first CM of a State who became the Satan &amp; villain of entire country by humiliating the entire medical fraternity by calling the Doctors protesting against the murderous assault on their colleague as criminals. Shame. #DoctorsFightBack,1,1,1,1
485,5756,"#ShameOnICC worst planning, no ground cover #ICCWorldCup2019 going in the lines of 2007 world cup in the west indies as a super flop rain show . #ICC &amp; @ECB_cricket run by jokers with no organising skills #CricketWorldCup19 @rahulvg",1,1,1,1
486,4295,@Garrison66 @tonyposnanski @TheRealOJ32 Ya I think he already did that.  And got away with it.  #goawayoj #murderer,0,1,0,0
487,6404,PeOplE WhO COmMiTtEd HeNiOuS CrImeS CaNnOT Be CaLlEd MuSlimS.  Lol  Mohammed asked his army to take women as sex slaves and killed hundreds of Jews in one day. I'm pretty sure he is called a Muslim.,0,1,0,1
488,7004,"Happy Birthday to Sh @nitin_gadkari Ji, God bless you good health and long life sir.",0,1,1,0
489,2866,By using #GandiNaaliAbuse Congress has scooped to Naali level,1,1,0,1
490,4928,"If all remaining get washed :   NZ - 12  Ind - 11  Eng - 10  Aus - 10  WI - 9  SL - 9  Pak - 9  Bang - 8   SA - 6  Afg - 6    Semi Final  Aus vs NZ  (If rain continues), NZ  Eng vs Ind  (If rain continues), Ind    Final  Ind vs NZ  (If rain continues), NZ - India will win jointly ü§£ü§£. #ShameOnICC",1,1,0,1
491,4325,"@ALT_DOJ He admits to grabbing crotches, mocks a disabled man, disparages a prisoner of war, professes his love for dictators, calls white supremacists fine people, golfs on the taxpayers dime at his own properties, is in violation of his oath of office.. what more do you need? #FucktRUmp",1,1,1,1
492,5868,"@Explore_Islam told you Islam is not fair. No point discussing it any further.   Islam is a disgrace, it treats women as unequals in society. Why would any western country politician want to import more of this cult? Sheer madness.",0,1,0,0
493,432,Few people are asking me I am a engineer why I am promoting doctors?  If my support is promoting doctors than its fine. My sister and my bestfriends are doctors. I can't imagine anyone attacking them ever. As said earlier doctors and soldiers deserve respect. #DoctorsFightBack,1,1,1,1
494,6299,"I see what you mean.    It's like in Russian Roulette, you have the 'opportunity' to blow your brains out.    #c4news #StopBrexit #BrexitReality #BrexitChaos #BrexitShambles #BrexitMayhem #RevokeArticle50 #RemainerNow #Brexit",1,1,1,1
495,951,#ShameOnICC  New Logo https://t.co/fVWuVlDrSF,1,1,0,0
496,6830,Tune in to hear Mann Ki Baat on 30th June  http://nm-4.com/cmq8¬†    via NaMo App,1,1,1,1
497,236,"@pskumarangattu @AmitShah This man completely nailed Mamata, her politics and her hypocrisy. #DoctorsFightBack https://t.co/yvSI1nr5Zp",1,1,1,1
498,1956,"‚ö°MCK @ 11.15 a.m   Students giving guard of honour as the entire Dept. Of PEDIATRICS , Medical College Kolkata file their resignations in solidarity with the protest. ‚ù§ Prof. Dr. Mousumi Nandy, HOD Pediatrics and dean has also resigned.    #DoctorsFightBack  #Savethedoctors https://t.co/0hnOl6pcq6",1,1,0,0
499,515,"Proceed cautiously there!  Also, beware of the libtard with the ‚Äúskullet‚Äù, @RepCohen #douchebag https://t.co/dmMr3Auhhm",0,1,0,0
