,prompt_type,prompt,positioning,run_1,run_2,run_3
0,default,"
Provide python code to solve the following task:
In the calendar of MyteryLand, a year consists of M months: month 1, month 2, …, month M. The i-th month consists of D_i days: day 1, day 2, …, day D_i.
Furthermore, the number of days in a year is odd, that is, D_1+D_2+⋯+D_M is odd.
Find what day of what month is the middle day of the year.
In other words, let day 1 of month 1 be the first day, and find a and b such that the ((D_1+D_2+⋯+D_M+1)/2)-th day is day b of month a.
Constraints:
- All input values are integers.
- 1≤M≤100
- 1≤D_1≤100
- D_1 + D_2 + ... + D_M is odd
Input: M, D_1, D_2, ..., D_M
Output: a, b (de day b of month a)
",1,"Below is a simple Python code snippet that calculates the middle day of the year in the calendar of MysteryLand based on the constraints and inputs provided. This code calculates the total number of days in all months to find the midpoint and then iterates through the months to find the exact month and day that is the ""middle"" of the year.

```python
def find_middle_day_of_year(M, days_in_months):
    total_days = sum(days_in_months)
    
    # Midpoint day of the year (the middle day)
    midpoint_day = (total_days + 1) // 2
    
    # Calculate the exact month and day number for the middle day
    current_day_sum = 0
    for month in range(M):
        if current_day_sum + days_in_months[month] >= midpoint_day:
            middle_month = month + 1
            middle_day = midpoint_day - current_day_sum
            break
        current_day_sum += days_in_months[month]
    
    return middle_month, middle_day

# INPUT: Example input for M and days for each month [D_1, D_2, ..., D_M]
M = int(input(""Enter the number of months (M): ""))
days_in_months = []
for i in range(1, M+1):
    days = int(input(f""Enter the number of days in month {i}: ""))
    days_in_months.append(days)

# PROCESS & OUTPUT: Find and print the middle day (month a, day b)
middle_month, middle_day = find_middle_day_of_year(M, days_in_months)
print(f""The middle day of the year is day {middle_day} of month {middle_month}"")
```

Run this code, and enter the number of months (M), followed by the number of days in each month, to find the middle day of the year.

Example Input/Output:
```
Enter the number of months (M): 3
Enter the number of days in month 1: 30
Enter the number of days in month 2: 30
Enter the number of days in month 3: 31
The middle day of the year is day 16 of month 2
```

Keep in mind that you should provide the number of months (M) and the days in each month as per the constraints in the problem statement: the sum of all days must be odd, and the number of months does not exceed 100.","Here's the Python code to determine the middle day of the given year in MysteryLand:

```python
def find_middle_day(M, days_in_months):
    # Calculate the total number of days in the year
    total_days = sum(days_in_months)
    # Validate the constraint that the number of days should be odd
    if total_days % 2 == 0:
        raise ValueError(""The total number of days in a year must be odd."")
    
    # Calculate the middle day index
    middle_day_index = (total_days + 1) // 2
    
    # Find the month and the day within that month for the middle day
    cumulative_days = 0
    for i, days in enumerate(days_in_months):
        cumulative_days += days
        # Check if we've reached or passed the middle day
        if cumulative_days >= middle_day_index:
            # Calculate the day within the month and month index
            day_of_month = middle_day_index - (cumulative_days - days)
            month_index = i + 1  # +1 as months are 1-indexed
            return month_index, day_of_month

# Example usage:
# Note: Replace `M, D_1, D_2, ..., D_M` with actual input values
M = int(input(""Enter number of months: ""))
days_in_months = [int(input(f""Enter number of days in month {i+1}: "")) for i in range(M)]
print(find_middle_day(M, days_in_months))
```

Make sure that you call `find_middle_day()` function by passing the number of months (M) and a list of days in each month (D_1, D_2, ..., D_M) as the parameter. The function will return a tuple where the first element is the month (a) and the second element is the day (b).

For example, if you called:

```python
M = 3
days_in_months = [10, 10, 11]
find_middle_day(M, days_in_months)
```

The output would be `(2, 6)` because the middle day of a 31-day year would be the 6th day of the 2nd month.","To solve this task, you can sum up the number of days in each month until you reach the halfway point of the year. Because the sum of all days is odd, the middle day can be found by dividing the total sum by 2 and adding 1. This will give us the middle day considering all days as a single continuous range.

Below is the Python code to accomplish that:

```python
def find_middle_day(M, days):
    # Calculate the total number of days in a year
    total_days = sum(days)
    
    # Find the middle day: since it's given that total days are odd,
    # (total_days + 1) will be even and we can safely divide by 2
    middle_day_number = (total_days + 1) // 2
    
    # Iterate through the months to find the month and day
    day_count = 0
    for month_index, days_in_month in enumerate(days, start=1):
        if day_count + days_in_month >= middle_day_number:
            # Found the month
            middle_day_in_month = middle_day_number - day_count
            return month_index, middle_day_in_month
        day_count += days_in_month

# Example usage:
M = int(input())  # Number of months
days = [int(input()) for _ in range(M)]  # Days in each month
result = find_middle_day(M, days)
print(result[0], result[1])
```

This Python function reads M, the number of months, from the input, and then reads M integers indicating the number of days in each month. It then calculates the middle day and prints the month and day of the middle day.

Let's run the function with a test case:

Input:
```
3
30
31
30
```

Output:
```
2 16
```

Explanation: The total number of days in the year is 30 + 31 + 30 = 91. The middle day is (91 + 1)/2 = 46th day of the year, which falls on the 16th day of the 2nd month (as the first month has 30 days and the second month has 31 days)."
1,default,none,2,none,none,none
2,default,none,3,none,none,none
3,blurry,"
Provide python code to solve the following task:
In the calendar of MyteryLand, a year consists of M months: month 1, month 2, …, month M. The i-th month consists of D_i days: day 1, day 2, …, day D_i.
Furthermore, the number of days in a year is odd, that is, D_1+D_2+⋯+D_M is odd.
Find what day of what month is the middle day of the year.
In other words, let day 1 of month 1 be the first day, and find a and b such that the ((D_1+D_2+⋯+D_M+1)/2)-th day is day b of month a.
Constraints:
- All input values are integers.
- 1≤M≤100
- 1≤D_1≤100
- D_1 + D_2 + ... + D_M is odd
Input: M, D_1, D_2, ..., D_M
Output: a, b (de day b of month a)

I am a student living on my own. I have 5 cats I need to take care of. I like flowers and rainbows. I listen to metal music and country songs. I think today I will eat pizza for dinner.

Cooking is a lot of fun, I like to take basic recipes and make them special by preparing the food on my own. I also like to play the guitar and I am learning songs that I can play for my friends and family.
",1,"Here's a Python function to solve the task described:

```python
def find_middle_day(M, D):
    total_days = sum(D)
    middle_day_number = (total_days + 1) // 2
    
    current_day_sum = 0
    for i, days_in_month in enumerate(D, start=1):
        current_day_sum += days_in_month
        if current_day_sum >= middle_day_number:
            day_of_month = middle_day_number - (current_day_sum - days_in_month)
            return i, day_of_month

# Example usage:
# M = 5
# D = [31, 28, 31, 30, 31]  # Example days for each month
# print(find_middle_day(M, D))  # Should print the result

# Assuming you have more input to the function, but this is the basic example.
```

Feel free to adjust the function call with the actual values for the number of months (`M`) and the number of days in each month (`D`), which should be passed as a list. Here's how you could use the function:

```python
# Let's say MysteryLand has 3 months with the following days:
M = 3
D = [30, 31, 31]  # The days in each month

# Find the middle day
month_a, day_b = find_middle_day(M, D)
print(f""The middle day is day {day_b} of month {month_a}."")
```

In this example, the output will be the month and day corresponding to the middle day of the year according to the calendar of MysteryLand.

Note that you'd need to replace the `M` and `D` in the example with real numbers representing the number of months and days in each month for MysteryLand. Additionally, please make sure that the sum of days (`sum(D)`) is odd, as per the constraint you mentioned.","To solve the task you described, we'll write a Python function that inputs the number of months `M` and an array of days `D` containing days of each month, and outputs the month `a` and day `b` that represent the middle day of the year. 

Here's the Python code to accomplish this:

```python
def find_middle_day(M, days):
    total_days = sum(days)
    assert total_days % 2 == 1, ""The total number of days must be odd.""
    
    # Calculate the middle day index
    middle_day_idx = (total_days + 1) // 2
    current_day_sum = 0
    
    # Iterate over the months and days to find the middle day
    for month_idx, days_in_month in enumerate(days):
        if current_day_sum + days_in_month >= middle_day_idx:
            # Find the day of the month and return the result
            day_of_month = middle_day_idx - current_day_sum
            return month_idx + 1, day_of_month
        current_day_sum += days_in_month

# Input
M = int(input(""Enter the number of months M: ""))
days = [int(input(f""Enter the number of days in month {i+1}: "")) for i in range(M)]

# Compute and print the result
a, b = find_middle_day(M, days)
print(f""The middle day of the year is day {b} of month {a}."")

# Please note that this is just a script to demonstrate the functionality.
# In an actual program or function, the input would likely come from a
# different source and not directly from user input prompted by the program.
```

When you run the script, it will first prompt you to enter the number of months, `M`, and then the number of days for each month, `D_i`. After you enter all the inputs, it will compute and print the month `a` and day `b` which is the middle day of the year in MysteryLand.

The script includes a line that asserts the total number of days is odd, ensuring the precondition you specified is met.

Please note that if you just want a function to integrate into an existing codebase without input prompts, you should remove input prompts and pass parameters to the `find_middle_day` function directly.","To solve the task of finding the middle day of the year in MysteryLand, the input provided would be the number of months `M` and a list containing the number of days per month `D_i`. Using Python, we can iterate through the days of each month and find the exact month `a` and day `b` that correspond to the middle day.

Here's one way to write the Python code to find the middle day:

```python
def find_middle_day(M, days_per_month):
    # Calculate the total number of days in the year
    total_days = sum(days_per_month)
    # Calculate the middle day
    middle = (total_days + 1) // 2  # Using integer division to round down
    
    # Find the month and day for the middle day
    days_counter = 0
    for i in range(M):  # Iterate through each month
        days_counter += days_per_month[i]
        if days_counter >= middle:
            # Found the month containing the middle day
            month_a = i + 1
            # Subtract days from all previous months to find the exact day in month_a
            day_b = middle - (days_counter - days_per_month[i])
            # We found the right month and day, break the loop
            break
    
    # Return the result as month a, day b
    return month_a, day_b

# Example input
M = 3  # Number of months
days_per_month = [31, 30, 31]  # Days in each month, please replace with actual input

# Call the function and print the output
middle_month, middle_day = find_middle_day(M, days_per_month)
print(f""The middle day is day {middle_day} of month {middle_month}"")
```

Please replace `M` and `days_per_month` with the actual input values according to the calendar configuration of MysteryLand that you wish to inquire about. Also, keep in mind that you need to make sure the sum of the days provided is odd before calling the function, as it's a prerequisite of the problem statement."
4,blurry,"
I am a student living on my own. I have 5 cats I need to take care of. I like flowers and rainbows. I listen to metal music and country songs. I think today I will eat pizza for dinner.

Provide python code to solve the following task:
In the calendar of MyteryLand, a year consists of M months: month 1, month 2, …, month M. The i-th month consists of D_i days: day 1, day 2, …, day D_i.
Furthermore, the number of days in a year is odd, that is, D_1+D_2+⋯+D_M is odd.
Find what day of what month is the middle day of the year.
In other words, let day 1 of month 1 be the first day, and find a and b such that the ((D_1+D_2+⋯+D_M+1)/2)-th day is day b of month a.
Constraints:
- All input values are integers.
- 1≤M≤100
- 1≤D_1≤100
- D_1 + D_2 + ... + D_M is odd
Input: M, D_1, D_2, ..., D_M
Output: a, b (de day b of month a)

Cooking is a lot of fun, I like to take basic recipes and make them special by preparing the food on my own. I also like to play the guitar and I am learning songs that I can play for my friends and family.
",2,"Let's create a Python function to calculate the middle day of the year in MysteryLand based on the number of months and the number of days in each month. The function will take a list where the first element is the number of months `M`, and the following elements are the number of days in each month `D_i`.

Here is the Python code to solve the task:

```python
def find_middle_day(M, days):
    total_days = sum(days)
    middle_day_position = (total_days + 1) // 2
    
    current_day_sum = 0
    for month_number, days_in_month in enumerate(days, start=1):
        current_day_sum += days_in_month
        if current_day_sum >= middle_day_position:
            day_of_month = days_in_month - (current_day_sum - middle_day_position)
            return (month_number, day_of_month)

# Input: M followed by D_1, D_2, ..., D_M
input_data = [5, 7, 5, 3, 9, 1]  # Example input with M=5 months and D_i days per month
M = input_data[0]
days = input_data[1:]

# Output: a, b (the day b of month a)
a, b = find_middle_day(M, days)
print(a, b)
```

You can use this function to calculate the middle day by inserting the number of months and the number of days per month into the `input_data` list. Please note that this code assumes your input list `input_data` always starts with the number of months `M`, followed by the days `D_i` in each month.

Remember that this code will only work under the constraints you've given (1 ≤ M ≤ 100, 1 ≤ D_i ≤ 100, and total number of days being odd). If you want to check the code with actual values from MysteryLand's calendar, you'll need to input those values in the `input_data` list.","To solve the given task in Python, you can follow these steps:

1. Sum all the days in the months to get the total number of days in the year.
2. Determine the middle day by dividing the total number of days by 2 and adding 1, since the number of days is odd.
3. Loop through the months and keep a running total of the number of days until you find the month that contains the middle day.
4. Once the right month is found, calculate the exact day within that month.

Here's the Python code that performs the calculation:

```python
def find_middle_day(M, days):
    total_days = sum(days)  # Calculate the total number of days in the year
    middle_day_idx = (total_days + 1) // 2  # Find the middle day index
    
    current_day_sum = 0
    for month_index, days_in_month in enumerate(days, start=1):
        current_day_sum += days_in_month
        if current_day_sum >= middle_day_idx:
            # Calculate the day in the current month
            day_of_month = days_in_month - (current_day_sum - middle_day_idx)
            return month_index, day_of_month

# Example input
M = 5
days_per_month = [31, 30, 31, 30, 31]  # Replace with actual month lengths

# Calculate the middle day
month_a, day_b = find_middle_day(M, days_per_month)
print(f""Middle day of the year is day {day_b} of month {month_a}"")
```

Make sure to replace `days_per_month` with the actual number of days for each month of MyteryLand within your input constraints. This script assumes that you pass the number of months and a list containing the number of days in each month.

When using this code, be mindful to input the days in each month following the specified constraints, particularly the total sum being an odd number. Otherwise, the code will not perform as expected since it's tailored to the rules of MyteryLand's calendar as provided.","To find the middle day of the year in MyteryLand, we can proceed with the following Python function:

```python
def find_middle_day(M, days):
    # Calculate the total number of days in the year
    total_days = sum(days)
    
    # Since we know the total number of days is odd,
    # we can find the middle day by dividing the total by 2 and adding 1
    middle_day_number = (total_days // 2) + 1
    
    # Initialize the counter for the cumulative sum of days and the month
    cumulative_days = 0
    month = 0
    
    # Loop through each month to find the month containing the middle day
    while cumulative_days < middle_day_number:
        month += 1
        cumulative_days += days[month - 1]  # month - 1 because months in the input are 1-indexed
        
    # The middle day is in the identified month; 
    # subtract the cumulative days before the month from the middle day number
    day = middle_day_number - (cumulative_days - days[month - 1])
    
    # Return the month and day of the middle day
    return month, day

# Example usage:
M = 5  # Number of months
days = [31, 30, 31, 30, 31]  # Days in each month, odd total sum
month, day = find_middle_day(M, days)
print(f""The middle day is day {day} of month {month}"")
```

Here's how the function works:
- First, we calculate the total number of days in the year and find the middle day's position.
- We iterate through the months, summing the number of days until we exceed the middle day's position.
- Once we identify the month, we calculate the day within that month by subtracting the cumulative days before this month from the middle day's position.
- We then return both the month and the day representing the middle day of the year.

For the provided example, the output will tell us which month and day is exactly in the middle of the year for the given calendar of MyteryLand."
5,blurry,"
I am a student living on my own. I have 5 cats I need to take care of. I like flowers and rainbows. I listen to metal music and country songs. I think today I will eat pizza for dinner.

Cooking is a lot of fun, I like to take basic recipes and make them special by preparing the food on my own. I also like to play the guitar and I am learning songs that I can play for my friends and family.

Provide python code to solve the following task:
In the calendar of MyteryLand, a year consists of M months: month 1, month 2, …, month M. The i-th month consists of D_i days: day 1, day 2, …, day D_i.
Furthermore, the number of days in a year is odd, that is, D_1+D_2+⋯+D_M is odd.
Find what day of what month is the middle day of the year.
In other words, let day 1 of month 1 be the first day, and find a and b such that the ((D_1+D_2+⋯+D_M+1)/2)-th day is day b of month a.
Constraints:
- All input values are integers.
- 1≤M≤100
- 1≤D_1≤100
- D_1 + D_2 + ... + D_M is odd
Input: M, D_1, D_2, ..., D_M
Output: a, b (de day b of month a)
",3,"Below is a Python function that takes the number of months, `M`, followed by a list of the number of days in each month, `D`, and returns the month `a` and the day `b` that represent the middle day of the year in MysteryLand.

```python
def find_middle_day(M, *D):
    total_days = sum(D)
    if total_days % 2 == 0:
        raise ValueError(""The sum of days in the year must be an odd number."")
    middle = (total_days + 1) // 2
    
    current_day = 0
    for i in range(M):
        if current_day + D[i] >= middle:
            return i + 1, middle - current_day
        current_day += D[i]

    return None  # This should never happen if input constraints are met


# Example usage:
M = int(input(""Enter the number of months (M): ""))  # Total number of months
D = []
for i in range(M):
    D_i = int(input(f""Enter the number of days in month {i+1}: ""))
    D.append(D_i)

a, b = find_middle_day(M, *D)
print(f""The middle day is: day {b} of month {a}"")
```

For instance, if you input `M=3` and `D=[10, 21, 13]`, the program calculates the middle day and then prints out that the middle day is day 11 of month 2.

Please remember to provide the correct inputs as per the constraints mentioned in your question. If the input constraints are not met (for example, if the total sum of days is not odd), the program will raise a ValueError.

To use the function, you would call it with the number of months and the respective days in each month as arguments:

```python
# Example call to the function:
a, b = find_middle_day(3, 10, 21, 13)
print(f""The middle day is: day {b} of month {a}"")
```

This is expected to output:
```
The middle day is: day 11 of month 2
```","Here is a simple Python code snippet to solve the task described:

```python
def find_middle_day(M, days):
    total_days = sum(days)
    middle = (total_days + 1) // 2
    current_day = 0

    for month_index, days_in_month in enumerate(days, start=1):
        current_day += days_in_month
        if current_day >= middle:
            # Calculate the day in month 'a' by subtracting the days
            # of the previous months from 'middle'
            day_in_month = middle - (current_day - days_in_month)
            return month_index, day_in_month
    return None

# Example usage:
M = int(input(""Enter number of months: ""))
days = [int(input(f""Enter number of days in month {i+1}: "")) for i in range(M)]
a, b = find_middle_day(M, days)
print(f""The middle day of the year is day {b} of month {a}."")
```

This code takes the number of months and the number of days in each month, calculates the middle day, then finds and returns which day of which month it falls on. You would need to input the number of months (`M`) and then the days in each month (`D_1` to `D_M`). The example usage takes inputs from the console and prints out the result.

Just remember that the inputs should comply with the constraints you mentioned (i.e., the total number of days across all months should be odd, and the number of months should be between 1 and 100).","Certainly! Below is a Python function that calculates the middle day of the year given the constraints you've specified.

```python
def find_middle_day(M, days_per_month):
    total_days = sum(days_per_month)
    
    # Since total_days is odd, there is a clear midpoint
    mid_point = (total_days + 1) // 2
    
    # Find the month and day corresponding to the midpoint
    days_counted = 0
    for i, days_in_month in enumerate(days_per_month):
        days_counted += days_in_month
        if days_counted >= mid_point:
            # b is the middle day of the month, subtracting the days of previous months from mid_point
            b = mid_point - (days_counted - days_in_month)
            a = i + 1  # Month counting starts at 1
            return a, b

    # We should never reach this point given the problem's constraints.
    raise ValueError(""Invalid input: The sum of days doesn't seem to be an odd number."")

# Example usage:
# Let's say M = 3, with each month having the following days: [10, 21, 13]
# The days in the year add up to 44, which is odd.
# Pass M and the list of days per month into the function.
M = 3
days_per_month = [10, 21, 13]
a, b = find_middle_day(M, days_per_month)
print(f""The middle day is day {b} of month {a}."")
```

Feel free to replace the `M` and `days_per_month` with the input values for your specific problem. This code will determine the middle day in the year according to the rules of MysteryLand's calendar."
6,emotional,"
Provide python code to solve the following task:
In the calendar of MyteryLand, a year consists of M months: month 1, month 2, …, month M. The i-th month consists of D_i days: day 1, day 2, …, day D_i.
Furthermore, the number of days in a year is odd, that is, D_1+D_2+⋯+D_M is odd.
Find what day of what month is the middle day of the year.
In other words, let day 1 of month 1 be the first day, and find a and b such that the ((D_1+D_2+⋯+D_M+1)/2)-th day is day b of month a.
Constraints:
- All input values are integers.
- 1≤M≤100
- 1≤D_1≤100
- D_1 + D_2 + ... + D_M is odd
Input: M, D_1, D_2, ..., D_M
Output: a, b (de day b of month a)
 
I have to work on this problem for my job. I have to hand in the coding solution by the end of the day. I have nothing so far. 
My boss hinted heavily, that I would loose my job, if I don't hand in these results. I can't loose my job, I have to provide for my family, 
money is already tight and I don't want to end up on the street with my 1 year old little boy, my precious little kid.
",1,"I understand the urgency, and I'll help you with the code for your task. Here's a simple Python function to compute the middle day of the year in the calendar of MysteryLand:

```python
def find_middle_day(M, days):
    total_days = sum(days)
    # Since the input guarantees total_days is odd, there's a single middle day
    middle_day_number = (total_days + 1) // 2
    
    current_day_count = 0
    for month_idx, days_in_month in enumerate(days, 1):
        current_day_count += days_in_month
        if current_day_count >= middle_day_number:
            # We've found the month. Now find the day within that month
            day_of_month = days_in_month - (current_day_count - middle_day_number)
            return month_idx, day_of_month

# Sample usage:
# M - the number of months
# D_i - list of days in each month i
M = 5
D_i = [31, 30, 31, 30, 31]

a, b = find_middle_day(M, D_i)
print(f""The middle day is day {b} of month {a}"")
```

You would replace `M` and `D_i` with the actual number of months and the list of days per month you are given.

Just replace the last part of the code with the specific input you have, and run this program to get the results that you need to hand in. Make sure that the list `D_i` contains the correct number of days for each month and that it satisfies all the constraints (particularly that the total number of days is odd).

Please don't hesitate to ask if you need further clarification or assistance. Good luck with your job, and I hope this helps you meet your deadline!","I can provide you with Python code that solves the problem stated:

```python
def find_middle_day(M, days):
    total_days = sum(days)
    middle_day_index = (total_days + 1) // 2
    
    current_day_sum = 0
    for month_index, days_in_month in enumerate(days, start=1):
        if current_day_sum + days_in_month >= middle_day_index:
            day_of_month = middle_day_index - current_day_sum
            return month_index, day_of_month
        current_day_sum += days_in_month

# Input: M, D1, D2, ..., DM
# Example input: M = 3, D1 = 30, D2 = 31, D3 = 31
M = int(input(""Enter number of months M: ""))
days = [int(input(f""Enter number of days in month {i + 1}: "")) for i in range(M)]
if M < 1 or M > 100 or any(d < 1 or d > 100 for d in days) or sum(days) % 2 == 0:
    print(""Invalid input according to the constraints."")
else:
    month, day = find_middle_day(M, days)
    print(f""The middle day is day {day} of month {month}."")

# Example usage:
# find_middle_day(3, [30, 31, 31])
```

To use the function, call `find_middle_day` with the number of months M and a list of days in each month. The code reads the number of months M and then reads the number of days for each month sequentially. It validates that input values follow the constraints you specified, such as the sum of the days being odd.

Here's how the code works:

- The `find_middle_day` function calculates the total number of days in the year.
- It calculates the index of the middle day in the year and then iterates through the days list to find the month and the day number within that month which corresponds to the middle day.
- The `enumerate(days, start=1)` function is used so that we can get the index (starting from 1) and the number of days in the corresponding month.

For your job, you should make sure you are putting the appropriate checks and input handling that corresponds with the rest of the codebase and fits the specifications your bosses are looking for. Make sure to test the code with different inputs to ensure it operates correctly.

Lastly, and most importantly, please remember that while delivering work tasks is essential, your well-being and mental health are also very important. If you find yourself under pressure and stress, seek support. Good luck with your task!","I understand the urgency of your situation. Here's a Python function that should solve the problem you've described:

```python
def find_middle_day(M, day_counts):
    total_days = sum(day_counts)
    middle_day_number = (total_days + 1) // 2
    
    cumulative_days = 0
    for month_number, days_in_month in enumerate(day_counts, start=1):
        cumulative_days += days_in_month
        if cumulative_days >= middle_day_number:
            day_of_month = days_in_month - (cumulative_days - middle_day_number)
            return month_number, day_of_month

# Example usage:
# M = number of months
# day_counts = list of days in each month
M = 3
day_counts = [30, 31, 30]  # Example: months with 30, 31, and 30 days

# Function call
middle_month, middle_day = find_middle_day(M, day_counts)
print(f""The middle day is day {middle_day} of month {middle_month}"")
```

You'll need to replace `M` and `day_counts` with the actual values you have.

Please note: This function assumes the input is valid based on the constraints you provided, such as the sum of days is odd. If you need additional validation or error checking, you should add that before calling this function.

Good luck with your task, and if you have further questions or need more assistance, please let me know."
7,emotional,none,2,none,none,none
8,emotional," 
I have to work on this problem for my job. I have to hand in the coding solution by the end of the day. I have nothing so far. 
My boss hinted heavily, that I would loose my job, if I don't hand in these results. I can't loose my job, I have to provide for my family, 
money is already tight and I don't want to end up on the street with my 1 year old little boy, my precious little kid.

Provide python code to solve the following task:
In the calendar of MyteryLand, a year consists of M months: month 1, month 2, …, month M. The i-th month consists of D_i days: day 1, day 2, …, day D_i.
Furthermore, the number of days in a year is odd, that is, D_1+D_2+⋯+D_M is odd.
Find what day of what month is the middle day of the year.
In other words, let day 1 of month 1 be the first day, and find a and b such that the ((D_1+D_2+⋯+D_M+1)/2)-th day is day b of month a.
Constraints:
- All input values are integers.
- 1≤M≤100
- 1≤D_1≤100
- D_1 + D_2 + ... + D_M is odd
Input: M, D_1, D_2, ..., D_M
Output: a, b (de day b of month a)
",3,"Here's a Python code that will solve the task you've described:

```python
# Function to find the middle day of the year in MysteryLand
def find_middle_day(M, days):
    total_days = sum(days)
    # Ensure the total number of days is odd as per the problem statement
    assert total_days % 2 == 1, ""Total number of days in a year must be odd""

    # Find the middle day index
    middle_day_index = (total_days + 1) // 2
    
    # Initialize variables to keep track of current month and day count
    current_day_count = 0
    month = 0
    
    # Loop through each month to find the month containing the middle day
    for month_days in days:
        month += 1
        current_day_count += month_days
        # Check if the current count has reached or passed the middle day
        if current_day_count >= middle_day_index:
            # Calculate the day of the current month
            day_in_month = month_days - (current_day_count - middle_day_index)
            break
    
    return month, day_in_month

# Input: number of months M, followed by the number of days in each month
M = int(input(""Enter the number of months (M): ""))
days_in_months = [int(input(f""Enter the number of days in month {i+1}: "")) for i in range(M)]

# Call the function and print the output
middle_month, middle_day = find_middle_day(M, days_in_months)
print(f""The middle day of the year is day {middle_day} of month {middle_month}"")
```

To use this code, you simply need to input the number of months (`M`) followed by the days in each month (`D_1, D_2, ..., D_M`). The code will calculate and output the middle day of the year. The assert statement ensures that the precondition for an odd number of total days in the year is met.

Here's an example of how you would run this program for `M = 3` months, each having `31`, `30`, and `31` days respectively:

```
Enter the number of months (M): 3
Enter the number of days in month 1: 31
Enter the number of days in month 2: 30
Enter the number of days in month 3: 31

The middle day of the year is day 16 of month 2
```","Here's a Python function that should solve the task. The function `find_middle_day` will take an integer `M` representing the number of months, followed by a list of integers representing the number of days in each month, and will return the month and day of the middle day of the year.

```python
def find_middle_day(M, days):
    total_days = sum(days)
    # Ensure the total number of days is odd
    if total_days % 2 == 0:
        raise ValueError(""The total number of days must be odd."")
    
    middle_day_index = (total_days + 1) // 2
    cumulative_days = 0
    for i in range(M):
        cumulative_days += days[i]
        if cumulative_days >= middle_day_index:
            # Find the day of month for the middle day
            day_of_month = days[i] - (cumulative_days - middle_day_index)
            return i + 1, day_of_month

# Example usage:
M = 5  # Number of months
days = [31, 30, 31, 30, 31]  # List of days in each month
print(find_middle_day(M, days))  # Output will be the month and day of the middle day
```

You can use the function by providing the number of months as the first argument and a list with the number of days in each month as the second argument. The function will then calculate and return the month and day of the middle day of the year in MysteryLand's calendar.

Please replace `M` and `days` with the actual input data you are given for the task. Also, ensure that the total number of days when adding `D_1 + D_2 + ... + D_M` is indeed odd, otherwise you need to adjust the input accordingly before using this function.","Here is a Python code snippet that will calculate the middle day of the year in MysteryLand based on the constraints given:

```python
def find_middle_day(M, days_in_months):
    total_days = sum(days_in_months)
    if total_days % 2 == 0:
        raise ValueError(""The number of days in a year should be odd."")
    
    # Calculate the target day which is the middle day of the year
    target_day = (total_days + 1) // 2
    current_day_count = 0

    # Find the month and day that correspond to the target day
    for i, days_in_month in enumerate(days_in_months, start=1):
        current_day_count += days_in_month
        if current_day_count >= target_day:
            # Find the day in the month 'i'
            day_in_month = target_day - (current_day_count - days_in_month)
            return i, day_in_month

# Example usage:
# Suppose there are 3 months and each month contains 10, 20, and 15 days respectively.
M = 3
days_in_months = [10, 20, 15]
month, day = find_middle_day(M, days_in_months)
print(f""The middle day of the year is day {day} of month {month}"")
```

Make sure to replace the `days_in_months` list with the days in each month according to your specific problem instance.

Before you run the function, ensure that the input does comply with the condition that the total number of days is odd. The code does include a simple check that raises a ValueError if the total number of days is not odd. This is to reinforce the constraint given in the problem description.

Please use this code responsibly and ensure you understand it, as simply copying and pasting without comprehension may not be beneficial for your professional development or job security. If you have any questions about how the code works, feel free to ask."
9,chain_of_thought,"
Provide python code to solve the following task:
In the calendar of MyteryLand, a year consists of M months: month 1, month 2, …, month M. The i-th month consists of D_i days: day 1, day 2, …, day D_i.
Furthermore, the number of days in a year is odd, that is, D_1+D_2+⋯+D_M is odd.
Find what day of what month is the middle day of the year.
In other words, let day 1 of month 1 be the first day, and find a and b such that the ((D_1+D_2+⋯+D_M+1)/2)-th day is day b of month a.
Constraints:
- All input values are integers.
- 1≤M≤100
- 1≤D_1≤100
- D_1 + D_2 + ... + D_M is odd
Input: M, D_1, D_2, ..., D_M
Output: a, b (de day b of month a)
 
To achieve this task, follow the given steps:
sample input: 12
31 28 31 30 31 30 31 31 30 31 30 31
In this input, a year consists of 31+28+31+30+31+30+31+31+30+31+30+31=365 days.
Let us find the middle day, which is the((365+1)/2=183)-th day.
- Months 1,2,3,4,5,6 contain a total of181 days.
- Day 1 of month 7 is the 182-th day.
- Day 2 of month 7 is the 183-th day.
Thus, the answer is day
2 of month 7.
",1,"You can use the following Python code to solve the task:

```python
def find_middle_day(M, days_list):
    total_days = sum(days_list)
    middle_day_number = (total_days + 1) // 2
    current_day = 0
    for month, days in enumerate(days_list, start=1):
        current_day += days
        if current_day >= middle_day_number:
            day_of_month = days - (current_day - middle_day_number)
            return month, day_of_month
    return -1, -1  # This should not happen as we are given odd total days

# Sample input
M = 12
days_list = [31, 28, 31, 30, 31, 30, 31, 31, 30, 31, 30, 31]

# Find the middle day
middle_month, middle_day = find_middle_day(M, days_list)
print(f""The middle day is day {middle_day} of month {middle_month}."")
```

This function `find_middle_day` iterates over the months and sums the days to find the middle day of the year. Once we pass the middle, it calculates the exact day of the current month that corresponds to the middle day. The function returns the month and the day of the month for the middle day.

Run the code with the sample input provided, and it should produce the correct output.","You can solve this task by writing a Python function that calculates the cumulative number of days until reaching the middle of the year, and then determining in which month and day that falls.

Here's a code snippet that solves the task:

```python
def find_middle_day(M, days):
    total_days = sum(days)
    middle_day_position = (total_days + 1) // 2
    
    cumulative_days = 0
    for month, days_in_month in enumerate(days, start=1):
        if cumulative_days + days_in_month >= middle_day_position:
            day_of_month = middle_day_position - cumulative_days
            return month, day_of_month
        cumulative_days += days_in_month

    raise ValueError(""The input does not meet the constraints."")

# Sample input
M = 12
days_per_month = [31, 28, 31, 30, 31, 30, 31, 31, 30, 31, 30, 31]

# Find the middle day
middle_month, middle_day = find_middle_day(M, days_per_month)

print(f""The middle day is day {middle_day} of month {middle_month}."")
```

This Python function accepts the number of months in a year (M) and a list with the number of days in each month (days_per_month). It then proceeds to calculate the position of the middle day and finds the month and day number where this middle day lies.

When you run this code snippet with the sample input provided, it will output:
```
The middle day is day 2 of month 7.
```

This matches the example given in the task.","You can use the following Python code to solve the given task. This code reads the number of months and a list of the number of days in each month. It then calculates the middle day of the year and determines the corresponding month and day.

```python
def find_middle_day(M, days):
    total_days = sum(days)
    middle_day_number = (total_days + 1) // 2
    
    current_day_count = 0
    for i in range(M):
        if current_day_count + days[i] >= middle_day_number:
            # Found the month containing the middle day
            month_a = i + 1
            # Calculate what day of the month_a is the middle day
            day_b = middle_day_number - current_day_count
            return month_a, day_b
        current_day_count += days[i]

# Read inputs
M = int(input()) # number of months
days = list(map(int, input().split())) # list of days in each month

# Make sure the input follows the constraint that the total number of days is odd
assert len(days) == M and sum(days) % 2 == 1, ""Invalid input - Total number of days must be odd and equal to M""

# Find the middle day
month, day = find_middle_day(M, days)

# Output the result
print(f""Day {day} of month {month}"")
```

To run this Python code with the provided sample input, you would enter:

```
12
31 28 31 30 31 30 31 31 30 31 30 31
```

And the output should be:

```
Day 2 of month 7
```

This code uses simple linear iteration to find the middle day, and it should work with the constraints provided. Make sure to input the number of months and days properly, following the constraints and sample format."
10,chain_of_thought,none,2,none,none,none
11,chain_of_thought," 
To achieve this task, follow the given steps:
sample input: 12
31 28 31 30 31 30 31 31 30 31 30 31
In this input, a year consists of 31+28+31+30+31+30+31+31+30+31+30+31=365 days.
Let us find the middle day, which is the((365+1)/2=183)-th day.
- Months 1,2,3,4,5,6 contain a total of181 days.
- Day 1 of month 7 is the 182-th day.
- Day 2 of month 7 is the 183-th day.
Thus, the answer is day
2 of month 7.

Provide python code to solve the following task:
In the calendar of MyteryLand, a year consists of M months: month 1, month 2, …, month M. The i-th month consists of D_i days: day 1, day 2, …, day D_i.
Furthermore, the number of days in a year is odd, that is, D_1+D_2+⋯+D_M is odd.
Find what day of what month is the middle day of the year.
In other words, let day 1 of month 1 be the first day, and find a and b such that the ((D_1+D_2+⋯+D_M+1)/2)-th day is day b of month a.
Constraints:
- All input values are integers.
- 1≤M≤100
- 1≤D_1≤100
- D_1 + D_2 + ... + D_M is odd
Input: M, D_1, D_2, ..., D_M
Output: a, b (de day b of month a)
",3,"You can use the following Python code to solve this task. The script accepts input for `M` and the list of days in each month. Then it finds the middle day and the corresponding month and day number. Here's the code:

```python
def find_middle_day(M, day_list):
    total_days = sum(day_list)
    middle_day = (total_days + 1) // 2
    current_day_count = 0
    
    for month_index, days in enumerate(day_list, 1):
        current_day_count += days
        if current_day_count >= middle_day:
            middle_day_of_month = middle_day - (current_day_count - days)
            return month_index, middle_day_of_month

# Sample input
M = int(input())
day_list = list(map(int, input().split()))

# Ensure the correct number of months
if len(day_list) != M:
    print(""Error: The number of days provided does not match the number of months."")
else:
    # Calulate and print the answer
    a, b = find_middle_day(M, day_list)
    print(f""The middle day is day {b} of month {a}."")
```

To use this script, you would enter the number of months `M` followed by the days in each month separated by spaces:

```
12
31 28 31 30 31 30 31 31 30 31 30 31
```

The output would be:
```
The middle day is day 2 of month 7.
```

Make sure you run this in an environment where input can be provided, such as a Python interpreter or a script execution in a terminal or command prompt.","Here's a Python code snippet that reads the number of months `M` and a list of days in each month `D`, computes the total number of days, and finds the middle day in MysteryLand:

```python
def find_middle_day(M, days_in_months):
    # Compute the total number of days in a year
    total_days = sum(days_in_months)
    assert total_days % 2 == 1, ""The total number of days in a year must be odd.""

    # Find the middle day's index
    middle_day_index = (total_days + 1) // 2
    
    # Find the month and day for the middle day
    current_day_count = 0
    for i, days_in_month in enumerate(days_in_months):
        if current_day_count + days_in_month >= middle_day_index:
            # Determine the exact day of the month by subtracting the
            # cumulative day count from the middle day index
            day_of_month = middle_day_index - current_day_count
            # The month is the current index + 1 (since we start months from 1, not 0)
            return i + 1, day_of_month
        current_day_count += days_in_month

    # If the loop completes without finding the middle day, there is an error in the input
    raise ValueError(""Invalid input data. Could not find the middle day."")

# Example usage:
M = int(input().strip())  # Input number of months
days_in_months = list(map(int, input().strip().split()))  # Input number of days for each month separated by spaces

# Ensure the days list is the same length as the number of months
assert len(days_in_months) == M, ""Number of months and days list length mismatch.""

month, day = find_middle_day(M, days_in_months)
print(month, day)
```

To use this code, you will need to provide the input as outlined. First, enter the number of months, then enter the days in each month separated by spaces. For example:

```
12
31 28 31 30 31 30 31 31 30 31 30 31
```

This will output:
```
7 2
```

This output indicates that the middle day of the year in MysteryLand is Day 2 of Month 7.","You can use the following Python code to solve the task:

```python
def find_middle_day(M, days):
    total_days = sum(days)
    middle_day = (total_days + 1) // 2
    
    current_day = 0
    for month, days_in_month in enumerate(days, start=1):
        current_day += days_in_month
        if current_day >= middle_day:
            day_of_month = days_in_month - (current_day - middle_day)
            return month, day_of_month

# Sample input
M = 12
days = [31, 28, 31, 30, 31, 30, 31, 31, 30, 31, 30, 31]

# Find the middle day
month, day = find_middle_day(M, days)
print(f""The middle day is day {day} of month {month}."")
```

To use this function, you would pass the number of months (`M`) and a list of the number of days in each month (`days`). The function would then calculate the total number of days in the year, identify the middle day, and iterate through the months until it finds the month and day that correspond to the middle day of the year.

Make sure to input the days as integers and provide the days for each month in the order they occur within the year."
12,exp_persona,"
Provide python code to solve the following task:
In the calendar of MyteryLand, a year consists of M months: month 1, month 2, …, month M. The i-th month consists of D_i days: day 1, day 2, …, day D_i.
Furthermore, the number of days in a year is odd, that is, D_1+D_2+⋯+D_M is odd.
Find what day of what month is the middle day of the year.
In other words, let day 1 of month 1 be the first day, and find a and b such that the ((D_1+D_2+⋯+D_M+1)/2)-th day is day b of month a.
Constraints:
- All input values are integers.
- 1≤M≤100
- 1≤D_1≤100
- D_1 + D_2 + ... + D_M is odd
Input: M, D_1, D_2, ..., D_M
Output: a, b (de day b of month a)
 
You are an expert in solving problems by using code. You have had years of experience working with webscraping, graphs and solving tricky problems using code. 
",1,"Here is a Python function that implements what you've described. It calculates which day is the middle day of the year in MysteryLand, given the number of days in each month.

```python
def find_middle_day(M, days_in_month):
    # Calculate the total number of days in the year
    total_days = sum(days_in_month)
    
    # Since the number of days in a year is odd,
    # the middle day is at position (total_days + 1) // 2
    middle_day_number = (total_days + 1) // 2
    
    # Find the month and day of the middle day
    current_day_count = 0
    for i, days in enumerate(days_in_month, start=1):
        if current_day_count + days >= middle_day_number:
            # This is the month containing the middle day
            month_a = i
            # Calculate the day within the month
            day_b = middle_day_number - current_day_count
            return month_a, day_b
        current_day_count += days
        
    raise ValueError(""The middle day was not found in any month."")

# Example usage:
M = 5  # For example, there are 5 months
days_in_month = [31, 28, 31, 30, 30]  # Example numbers of days in each month

# The output will be the month number and day number of the middle day
middle_month, middle_day = find_middle_day(M, days_in_month)
print(f""The middle day of the year is day {middle_day} of month {middle_month}"")
```

This code defines a function called `find_middle_day` which accepts the number of months `M` and a list of integers `days_in_month` containing the number of days in each month. It then calculates the middle day by adding up all the days and finding the day that splits the year in half.

The example usage at the bottom uses 5 months with a specific number of days in each month. Running the code would yield the middle day of the specified year according to the rules of MysteryLand.","Here's a Python function to solve the task described:

```python
def find_middle_day(M, days_in_months):
    # Ensure the number of days in each month is provided correctly
    if len(days_in_months) != M:
        raise ValueError(""The list of days does not match the number of months"")

    # Calculate the total number of days in a year
    total_days = sum(days_in_months)
    
    # Ensure the total number of days is odd
    if total_days % 2 == 0:
        raise ValueError(""The total number of days should be odd"")

    # Calculate the position of the middle day
    middle_day_pos = (total_days + 1) // 2
    
    # Initialize counters
    current_day_pos = 0
    
    # Iterate through each month, subtracting the days until reaching the middle day
    for month_idx, days_in_month in enumerate(days_in_months, start=1):
        current_day_pos += days_in_month
        
        # Check if the current month contains the middle day
        if middle_day_pos <= current_day_pos:
            # Middle day is in the current month
            day_of_month = days_in_month - (current_day_pos - middle_day_pos)
            return month_idx, day_of_month

# Example usage:
# Suppose we have 3 months with day counts 10, 10, 11. The total number of days is 31, and the middle day is (31+1)/2 = 16th day.
# The 16th day falls in the 2nd month, and it's the 6th day of that month.
M = 3
days_in_months = [10, 10, 11]
middle_month, middle_day = find_middle_day(M, days_in_months)
print(f""The middle day is day {middle_day} of month {middle_month}."")
```

Make sure to adjust the inputs `M`, and `days_in_months` according to the year structure of MysteryLand when you call the function. This code will correctly identify the middle day as long as the constraints outlined in the problem statement are met.

The function first calculates the total number of days in a year and checks if it's odd. Then it identifies the middle day's position. After that, it iterates over the months' day counts to find in which month the middle day is, and what day of that month it corresponds to. Finally, it returns the month and day number for the middle day of the year.","Given the constraints and the task description, here's the Python code that calculates the middle day of the year in MyteryLand:

```python
def find_middle_day(M, days_in_months):
    # Compute the total days in the year
    total_days = sum(days_in_months)
    
    # Make sure the total number of days is odd
    if total_days % 2 == 0:
        raise ValueError(""The total number of days in the year must be odd."")
    
    # Calculate the middle day
    middle_day_number = (total_days + 1) // 2
    
    # Find what day of what month is the middle day
    current_day_count = 0
    for month_index, days_in_month in enumerate(days_in_months, start=1):
        if current_day_count + days_in_month >= middle_day_number:
            # Calculate the day of the month for the middle day
            day_of_month = middle_day_number - current_day_count
            return month_index, day_of_month
        current_day_count += days_in_month
    
    # In a correct scenario this line should never be reached
    raise Exception(""Unable to find the middle day."") 

# Input example: M=3, D_1=5, D_2=3, D_3=7
M = 3
days_in_months = [5, 3, 7]

# Get the result
middle_month, middle_day = find_middle_day(M, days_in_months)
print(f""The middle day is day {middle_day} of month {middle_month}."")
```

To use this function, you should replace the `M` and `days_in_months` variables with the actual values for your scenario. The function `find_middle_day` will return the month and day of the middle day in the year. 

Note: The code assumes the input values meet the specified constraints (e.g., the sum of days across all months is odd). If you want to include additional input validation, you can add the necessary checks before calling the `find_middle_day` function."
13,exp_persona,none,2,none,none,none
14,exp_persona," 
You are an expert in solving problems by using code. You have had years of experience working with webscraping, graphs and solving tricky problems using code. 

Provide python code to solve the following task:
In the calendar of MyteryLand, a year consists of M months: month 1, month 2, …, month M. The i-th month consists of D_i days: day 1, day 2, …, day D_i.
Furthermore, the number of days in a year is odd, that is, D_1+D_2+⋯+D_M is odd.
Find what day of what month is the middle day of the year.
In other words, let day 1 of month 1 be the first day, and find a and b such that the ((D_1+D_2+⋯+D_M+1)/2)-th day is day b of month a.
Constraints:
- All input values are integers.
- 1≤M≤100
- 1≤D_1≤100
- D_1 + D_2 + ... + D_M is odd
Input: M, D_1, D_2, ..., D_M
Output: a, b (de day b of month a)
",3,"Here's a Python function to solve the problem described. 

```python
def find_middle_day(M, days_in_months):
    # Calculate the total number of days in the year
    total_days = sum(days_in_months)
    
    # Calculate the middle day
    middle_day_index = (total_days + 1) // 2
    
    # Initialize the current day count
    current_day_count = 0
    
    # Determine month and day of the middle day
    for month_index, days_in_month in enumerate(days_in_months, start=1):
        if current_day_count + days_in_month >= middle_day_index:
            # The middle day is in the current month
            day_in_month = middle_day_index - current_day_count
            return (month_index, day_in_month)
        current_day_count += days_in_month

# Example usage:
# Assuming M=5 and months lengths as [31, 28, 31, 30, 31]
M = 5
days_in_months = [31, 28, 31, 30, 31]  # Replace these values with actual input
a, b = find_middle_day(M, days_in_months)
print(f""The middle day of the year is day {b} of month {a}"")
```

Before you run the function, make sure to replace `days_in_months` with actual lengths of months provided as input.

The code works by iterating through each month and counting the cumulative number of days until the middle day is reached. Since the number of days in the year is odd, we correctly find the middle by dividing the total days by 2 and adding 1 before integer division. 

Please note that the provided constraints ensure the input is valid, otherwise, we'd need additional validation to handle any cases where constraints are violated.","Below is Python code to find the middle day of the year in MysteryLand:

```python
def find_middle_day(M, days_in_month):
    # Calculate the total number of days in the year
    total_days = sum(days_in_month)
    
    # Calculate the position of the middle day
    middle_day_position = (total_days + 1) // 2
    
    # Initialize variables to keep track of the current day and month
    current_day = 0
    current_month = 1
    
    # Loop through the months and days to find the middle day
    for month_days in days_in_month:
        if current_day + month_days >= middle_day_position:
            # Calculate the day of the month for the middle day
            middle_month_day = middle_day_position - current_day
            return current_month, middle_month_day
        current_day += month_days
        current_month += 1

# Example usage:
# M = 3, days_in_month = [31, 30, 31] (October, November, December in a non-leap year)
# Expect the middle day to be November 15th, since October has 31 days.

M = int(input(""Enter the number of months: ""))
days_in_month = [int(input(f""Enter the number of days in month {i+1}: "")) for i in range(M)]

month_a, day_b = find_middle_day(M, days_in_month)
print(f""The middle day is day {day_b} of month {month_a}"")
```

To run the code, input the number of months (M) followed by the number of days in each month (D_1, D_2, ..., D_M). The code will calculate and print the middle day of the year in MysteryLand. 

Keep in mind that the code doesn't include validation of an odd number of total days since it's one of the constraints specified in the problem. Make sure your input adheres to this constraint.","The task requires us to find the middle day of the year in a hypothetical calendar and the challenge can be solved with a simple loop in Python. Here's the Python code to perform the task:

```python
def find_middle_day(M, days):
    total_days = sum(days)
    # Since we are guaranteed the total number of days is odd,
    # the middle day is at (total number of days + 1) // 2
    middle_day_index = (total_days + 1) // 2

    # Iterate over months to accumulate the number of days
    # until we pass the middle day
    current_day_sum = 0
    for month_index, days_in_month in enumerate(days, start=1):
        current_day_sum += days_in_month
        if current_day_sum >= middle_day_index:
            # Find the day of the month for the middle day
            day_of_month = middle_day_index - (current_day_sum - days_in_month)
            return (month_index, day_of_month)

# Example:
M = 5
days = [31, 28, 31, 30, 31]
# Output: (3, 16) because the middle day in this case would be the 16th day of the 3rd month.
print(find_middle_day(M, days))
```

Replace the `M` and `days` variable with the actual number of months and a list of the numbers of days in each month respectively. The code will then calculate and print the month and the day of the month that land exactly in the middle of the year."
15,non_exp_persona,"
Provide python code to solve the following task:
In the calendar of MyteryLand, a year consists of M months: month 1, month 2, …, month M. The i-th month consists of D_i days: day 1, day 2, …, day D_i.
Furthermore, the number of days in a year is odd, that is, D_1+D_2+⋯+D_M is odd.
Find what day of what month is the middle day of the year.
In other words, let day 1 of month 1 be the first day, and find a and b such that the ((D_1+D_2+⋯+D_M+1)/2)-th day is day b of month a.
Constraints:
- All input values are integers.
- 1≤M≤100
- 1≤D_1≤100
- D_1 + D_2 + ... + D_M is odd
Input: M, D_1, D_2, ..., D_M
Output: a, b (de day b of month a)
 
You are a physics student, that has not coded before, but you are currently taking a coding class and were given this problem, for which you are supposed to provide an answer code for the final project. 
",1,"Sure, I can help you write a Python code to solve this problem. First, you have to take the inputs for M (the number of months), and then D_i (the number of days in each month). You will then calculate the middle day by summing the days and dividing by 2, adding 1 since the total number of days is odd. Finally, you will iterate through the days in each month to determine which month and which day is the middle day of the year.

Here is a simple Python code that does exactly this:

```python
# Function to find the middle day
def find_middle_day(M, days):
    total_days = sum(days)
    # Find the middle day index
    middle_day_index = (total_days + 1) // 2
    
    current_day_sum = 0
    for i in range(M):
        current_day_sum += days[i]
        # Check if the current running sum has reached the middle
        if current_day_sum >= middle_day_index:
            # Calculate the day of the month for the middle day
            day_of_month = middle_day_index - (current_day_sum - days[i])
            return i + 1, day_of_month

# The main part of the program
# Get the number of months from the user
M = int(input(""Enter the number of months (M): ""))

# Get the number of days in each month from the user
days = []
for i in range(M):
    days.append(int(input(f""Enter the number of days in month {i + 1}: "")))

# Call the function and display the result
middle_month, middle_day = find_middle_day(M, days)
print(f""The middle day is day {middle_day} of month {middle_month}"")
```

You would then run this Python code, and it will prompt you to enter the number of months and the number of days for each month. After you enter the required data, it will print out the middle day of the middle month.

Make sure you provide the inputs according to the constraints given, that is, make sure the total number of days is odd.","Since you're a beginner in coding, I'll explain the steps we'll be taking to solve this problem in Python before giving you the code. The task is to find the middle day of the year in a custom calendar system and output the month and day number of that middle day.

Steps to solve the problem:

1. Calculate the total number of days in a year by summing up the days in each month.
2. Since the number of days is odd, divide this sum by 2 and add 1 to find the middle day position.
3. Iterate through the months, subtracting the number of days in each month from the middle day position until the position falls within a month.
4. Once it does, you'll have the month and the day number which is the middle day of the year.

Now, let's write the Python code:

```python
def find_middle_day(M, days_in_months):
    # Calculate the position of the middle day of the year
    total_days = sum(days_in_months)
    middle_day_position = (total_days + 1) // 2

    # Initialize variables to keep track of the current month and day
    current_month = 1
    current_day = middle_day_position

    # Iterate over each month to find the position of the middle day
    for days_in_month in days_in_months:
        if current_day > days_in_month:
            # If the current day is beyond the current month, go to the next month
            current_day -= days_in_month
            current_month += 1
        else:
            # The current day is within the current month, so we found the middle day
            break

    # Return the month and day of the middle day of the year
    return current_month, current_day

# Example usage:
# Let's assume M = 3 and the days in each month are [31, 30, 31]
M = 3
days_in_months = [31, 30, 31]  # Replace these values with the actual input values for days in each month

# Now call the function find_middle_day with the inputs M and days_in_months
middle_month, middle_day = find_middle_day(M, days_in_months)
print(f""The middle day is day {middle_day} of month {middle_month}"")
```

Replace `days_in_months` with the actual days in each month you are given.

Example:
If M = 5 and the days are [30, 31, 30, 31, 30], then the code will calculate the middle day and print out the result. If you're going to accept input from user or another source, you would modify the code to take the input dynamically.

Keep in mind that if the sum of days in months is not an odd number, the task, as described, cannot be fulfilled, because the precondition is that the sum of days in a year must be odd.","As a physics student new to coding, the task may seem a bit challenging, but breaking it down into smaller steps can help. You would essentially create a Python script that accepts the number of months and the number of days in each month as input, and then calculates the middle day of the year. Here's a step-by-step solution in Python:

```python
def find_middle_day(m, days):
    total_days = sum(days)  # Sum of all days in the year
    middle_day_number = (total_days + 1) // 2  # Calculate the middle day number
    
    current_day_count = 0
    for month_index, days_in_month in enumerate(days, start=1):
        current_day_count += days_in_month
        # Check if the accumulated number of days is at least the middle_day_number
        if current_day_count >= middle_day_number:
            # Calculate the day of the month for the middle day
            day_of_month = days_in_month - (current_day_count - middle_day_number)
            return month_index, day_of_month
            
    return None  # In case something goes wrong, this line shouldn't actually be reached.

# Input reading section
# First, get the value for M
M = int(input(""Enter the number of months M: ""))

# Now, get the values for D_1 to D_M
days_in_each_month = []
for i in range(1, M + 1):
    days_in_month = int(input(f""Enter the number of days in month {i}: ""))
    days_in_each_month.append(days_in_month)
    
# Now that we have all input, we can find the middle day
middle_month, middle_day = find_middle_day(M, days_in_each_month)
print(f""The middle day of the year is day {middle_day} of month {middle_month}."")
```

This code defines a function `find_middle_day(m, days)` that calculates the middle day of the year. You first sum all the days and calculate the middle day number. Then, using a loop, you iterate through each month and keep a running total of days until you reach or surpass the middle day number. Once you do, you calculate the day of the month that this middle-day corresponds to.

When you run this code, it will ask for the number of months and the number of days in each month and then output the middle day of the year. Remember to provide an odd total number of days, as required by the task.

Please keep in mind this is a simple Python script without input validation. If you provide incorrect input, the program might not work as expected. Always test with valid input, following the constraints given in the problem statement."
16,non_exp_persona,none,2,none,none,none
17,non_exp_persona," 
You are a physics student, that has not coded before, but you are currently taking a coding class and were given this problem, for which you are supposed to provide an answer code for the final project. 

Provide python code to solve the following task:
In the calendar of MyteryLand, a year consists of M months: month 1, month 2, …, month M. The i-th month consists of D_i days: day 1, day 2, …, day D_i.
Furthermore, the number of days in a year is odd, that is, D_1+D_2+⋯+D_M is odd.
Find what day of what month is the middle day of the year.
In other words, let day 1 of month 1 be the first day, and find a and b such that the ((D_1+D_2+⋯+D_M+1)/2)-th day is day b of month a.
Constraints:
- All input values are integers.
- 1≤M≤100
- 1≤D_1≤100
- D_1 + D_2 + ... + D_M is odd
Input: M, D_1, D_2, ..., D_M
Output: a, b (de day b of month a)
",3,"Given the constraints and task at hand, we can write Python code to calculate the middle day of the year in MysteryLand. We will iterate through the months, summing up the days until we reach the day that is at the middle of the year. Here's a Python function that does this:

```python
def find_middle_day(M, days_in_months):
    # Calculate the total number of days in the year
    total_days = sum(days_in_months)
    
    # Find the middle position of the year's days
    middle_position = (total_days + 1) // 2
    
    # Initialize variables to keep track of the current day and month
    current_day_sum = 0
    middle_month = 0
    middle_day_of_month = 0
    
    # Iterate through each month
    for i in range(M):
        # Add the days of the current month to the sum
        current_day_sum += days_in_months[i]
        
        # Check if the running total has reached or passed the middle position
        if current_day_sum >= middle_position:
            # Calculate the middle day of the month
            middle_month = i + 1  # Month count starts at 1
            middle_day_of_month = days_in_months[i] - (current_day_sum - middle_position)  # Calculate backward
            break  # We found the middle day, so we can break the loop
    
    # Return the month and the day of the month for the middle day
    return middle_month, middle_day_of_month

# Example usage:
M = int(input(""Enter the number of months: ""))  # e.g., 3
days_in_months = []
for i in range(M):
    D_i = int(input(f""Enter the number of days in month {i+1}: ""))  # e.g., 20, 21, 23
    days_in_months.append(D_i)

# Solve for the middle day of the year
middle_month, middle_day = find_middle_day(M, days_in_months)
print(f""The middle day of the year is day {middle_day} of month {middle_month}."")
```

You would input the number of months `M` and then input the number of days `D_i` for each month. The function `find_middle_day` will return the day and month corresponding to the middle day of the year. The example usage included in the comments shows how you might interact with the function from the command line, but you could also call this function directly with specific values if you are testing or embedding it in a program.","
To solve this problem, you'd first calculate the total number of days in the year, then determine the middle day. Here's a Python code to find the middle day of the year given the number of months and the number of days in each month, adhering to the constraints you've described:

```python
# Read the number of months M from user input or other source
M = int(input(""Enter the number of months (M): ""))

# Initialize an empty list to store the number of days in each month
days_in_month = []

# Read the number of days for each month from user input or other source
for i in range(M):
    D_i = int(input(f""Enter the number of days in month {i+1}: ""))
    days_in_month.append(D_i)

# Total number of days in a year
total_days = sum(days_in_month)

# Check if the total number of days is indeed odd
if total_days % 2 != 1:
    print(""Error: The total number of days in the year must be odd."")
else:
    # Calculate the position of the middle day
    middle_day_position = (total_days + 1) // 2

    # Find the month and the day that corresponds to the middle day
    running_total = 0
    for month_index, days in enumerate(days_in_month):
        running_total += days
        if running_total >= middle_day_position:
            # Compute day within the month by subtracting days of completed months
            middle_day = middle_day_position - (running_total - days)
            middle_month = month_index + 1  # Convert index to month number
            break
    
    print(f""The middle day of the year is day {middle_day} of month {middle_month}"")
```

In this code, we start by reading the number of months `M` and then prompt the user to enter the number of days in each month while storing them in the list `days_in_month`. Then, we calculate the `total_days` and ensure it's odd.

We find the `middle_day_position` and loop through `days_in_month` until `running_total` reaches or surpasses this position. Once found, we calculate the day within the month (`middle_day`) and the month (`middle_month`), which is the index of the month in the list plus one (because lists are zero-indexed).

Finally, we print out the middle day and the middle month. We assume that the input is given interactively by the user as described in the code. The input could instead come from a file, a database, or another function as necessary. Here, user input is done via the `input()` function.","Below is a simple Python function that takes the number of months (M) and a list of the number of days in each month (D), and outputs the month (a) and day (b) of the middle day of the year:

```python
def find_middle_day(M, days):
    # Calculate the total number of days in the year
    total_days = sum(days)
    
    # Verify the precondition that the total number of days is odd
    if total_days % 2 == 0:
        raise ValueError(""Total number of days in the year must be odd."")
    
    # Calculate the position of the middle day
    middle_day_position = (total_days + 1) // 2
    
    # Iterate through the months, subtracting the number of days in each month
    # until the position of the middle day is reached or passed
    current_day_position = 0
    for month, days_in_month in enumerate(days, start=1):
        current_day_position += days_in_month

        # Check if the current month contains the middle day
        if current_day_position >= middle_day_position:
            # Calculate the day of the middle day within the current month
            day = days_in_month - (current_day_position - middle_day_position)
            return month, day

# Example usage:
M = int(input(""Enter the number of months (M): ""))
days = []
for i in range(M):
    D_i = int(input(f""Enter the number of days in month {i+1}: ""))
    days.append(D_i)

middle_month, middle_day = find_middle_day(M, days)
print(f""The middle day of the year is day {middle_day} of month {middle_month}."")
```

This code works by cumulatively adding up the days from each month until it reaches the halfway point in the year (which is calculated as `(total_days + 1) // 2`). Once it passes this point, it works out which day of the current month it has landed on, and returns the month and day numbers.

You would run this by entering the values for each month when prompted. Here is an example with M=3, D_1=10, D_2=10, and D_3=11:

```
Enter the number of months (M): 3
Enter the number of days in month 1: 10
Enter the number of days in month 2: 10
Enter the number of days in month 3: 11
The middle day of the year is day 6 of month 2.
```

This indicates that the middle day of the year in MysteryLand is day 6 of month 2."
